Gene_ID,PS_name,braker_S-nF1,braker_M-nF1,braker_L-nF1,braker_X-nF1,braker_38-nF1,braker_actual-nF1,maker_C1-nF1,maker_C2-nF1,maker_C3-nF1,maker_C4-nF1,maker_C5-nF1,maker_C6-nF1,maker_38-nF1,trans_mikado-38-nF1,trans_po-nF1,braker-mikado_both38-nF1,maker-mikado_both38-nF1,brakerX-mikado38.refmap-nF1
AT1G01335,Arabidopsis_thaliana,0,0,0,0,0,0,0,0,0,0,0,0,0,0,0,0,0,0
AT1G02067,Arabidopsis_thaliana,0,0,0,0,0,0,0,0,0,0,0,1,1,0,1,0,1,0
AT1G02320,Arabidopsis_thaliana,0,0,0,0,0,0,0,0,1,1,0,0,0,1,0,1,1,1
AT1G02350,Arabidopsis_thaliana,1,1,1,1,0,1,1,1,1,1,1,1,1,1,1,1,1,1
AT1G02490,Arabidopsis_thaliana,0,0,0,0,0,0,0,0,1,1,0,0,1,1,1,1,1,1
AT1G02710,Arabidopsis_thaliana,1,1,1,1,1,0,0,0,1,1,1,0,1,1,0,1,1,1
AT1G03106,Arabidopsis_thaliana,0,0,0,0,0,0,0,0,1,1,0,0,1,1,0,1,1,1
AT1G03165,Arabidopsis_thaliana,0,0,0,0,0,0,1,1,0,1,1,0,1,1,1,1,0,1
AT1G03200,Arabidopsis_thaliana,0,0,0,0,0,0,1,1,1,1,1,1,1,1,1,1,1,1
AT1G03240,Arabidopsis_thaliana,0,0,0,0,1,0,1,0,1,1,1,1,0,1,1,1,1,1
AT1G03325,Arabidopsis_thaliana,0,0,0,0,0,0,0,0,0,0,0,0,0,0,0,0,0,0
AT1G03395,Arabidopsis_thaliana,0,0,0,0,0,0,0,0,0,0,0,0,1,1,0,1,1,1
AT1G04105,Arabidopsis_thaliana,0,0,0,0,0,0,0,0,0,0,0,0,0,0,1,0,0,0
AT1G04455,Arabidopsis_thaliana,0,0,0,0,0,0,0,0,0,0,1,0,0,0,0,0,0,0
AT1G04778,Arabidopsis_thaliana,1,1,1,1,1,1,0,1,1,1,0,0,1,1,1,1,1,1
AT1G04895,Arabidopsis_thaliana,0,0,0,0,0,0,0,0,0,0,0,0,1,1,0,1,1,1
AT1G05035,Arabidopsis_thaliana,0,0,0,0,0,0,0,0,1,1,1,0,1,1,1,1,1,1
AT1G05085,Arabidopsis_thaliana,1,1,1,1,1,1,0,0,1,1,0,0,1,0,0,1,1,1
AT1G05136,Arabidopsis_thaliana,0,0,0,0,0,0,0,0,1,1,0,1,0,1,1,1,1,1
AT1G05783,Arabidopsis_thaliana,0,0,0,0,0,0,0,0,1,1,1,0,1,1,1,1,1,1
AT1G06045,Arabidopsis_thaliana,0,0,0,0,0,0,0,0,0,0,0,0,0,1,0,0,0,0
AT1G06148,Arabidopsis_thaliana,1,1,1,1,1,1,1,1,1,1,1,0,1,1,1,1,1,1
AT1G07885,Arabidopsis_thaliana,0,0,0,0,0,0,0,0,1,1,0,0,1,1,1,1,1,1
AT1G07901,Arabidopsis_thaliana,0,0,0,0,0,0,0,0,1,1,1,1,1,1,1,0,0,0
AT1G07902,Arabidopsis_thaliana,0,0,1,1,0,0,1,1,0,0,1,0,0,1,1,1,1,1
AT1G08165,Arabidopsis_thaliana,0,0,0,0,0,0,1,1,1,1,1,0,1,1,1,1,1,1
AT1G08645,Arabidopsis_thaliana,0,0,0,0,0,0,0,0,0,0,0,1,0,1,0,1,1,1
AT1G10395,Arabidopsis_thaliana,0,0,0,0,0,0,0,0,0,0,1,0,1,0,1,0,1,0
AT1G10990,Arabidopsis_thaliana,1,1,1,1,1,1,1,1,1,1,1,1,1,1,1,1,1,1
AT1G11684,Arabidopsis_thaliana,0,0,0,0,0,0,0,0,1,1,0,0,0,1,1,0,0,0
AT1G11785,Arabidopsis_thaliana,1,1,1,1,0,1,0,1,1,1,1,1,1,1,1,1,1,1
AT1G12211,Arabidopsis_thaliana,1,0,1,0,1,0,0,0,1,1,0,0,1,1,1,1,1,1
AT1G12411,Arabidopsis_thaliana,0,0,0,0,0,0,0,0,1,1,0,0,0,1,0,1,1,1
AT1G13143,Arabidopsis_thaliana,0,0,0,0,0,0,1,1,0,1,1,0,1,1,0,1,1,1
AT1G13485,Arabidopsis_thaliana,0,0,0,0,0,0,1,1,0,0,0,0,0,0,0,0,0,0
AT1G13760,Arabidopsis_thaliana,1,1,1,1,1,1,0,1,1,1,1,1,1,1,1,1,1,1
AT1G13805,Arabidopsis_thaliana,0,0,0,0,0,0,1,1,0,1,1,0,1,0,0,0,1,0
AT1G14642,Arabidopsis_thaliana,1,1,1,1,1,1,1,1,1,1,1,1,1,1,1,1,1,1
AT1G15085,Arabidopsis_thaliana,0,0,0,0,0,0,0,0,0,0,0,0,1,1,1,1,1,1
AT1G15840,Arabidopsis_thaliana,1,1,1,1,1,1,1,1,1,1,1,0,1,1,1,1,1,1
AT1G15885,Arabidopsis_thaliana,1,1,1,1,1,1,0,0,1,1,1,0,0,1,0,1,1,1
AT1G16025,Arabidopsis_thaliana,0,0,0,0,0,0,1,1,1,1,1,0,1,0,0,0,0,0
AT1G18193,Arabidopsis_thaliana,1,1,1,1,1,1,0,0,1,1,0,0,1,1,1,1,1,1
AT1G18220,Arabidopsis_thaliana,0,0,0,0,0,0,0,0,0,0,0,0,0,0,1,0,0,0
AT1G18871,Arabidopsis_thaliana,0,0,0,0,0,0,0,0,1,1,0,0,0,0,0,0,0,0
AT1G18975,Arabidopsis_thaliana,0,0,0,0,0,0,0,0,0,0,0,0,0,1,1,1,1,1
AT1G19394,Arabidopsis_thaliana,0,0,0,1,1,0,1,1,1,1,1,1,1,1,1,1,1,1
AT1G19396,Arabidopsis_thaliana,0,0,0,1,1,0,1,1,1,1,1,1,1,1,1,1,1,1
AT1G20875,Arabidopsis_thaliana,0,0,0,0,0,0,0,0,1,1,0,0,1,0,1,0,1,0
AT1G20923,Arabidopsis_thaliana,0,0,0,0,0,0,0,0,0,0,0,0,0,1,1,1,0,1
AT1G21313,Arabidopsis_thaliana,0,0,0,0,0,0,0,0,0,0,0,0,1,1,1,1,1,1
AT1G21738,Arabidopsis_thaliana,0,0,0,0,0,0,0,0,1,1,1,0,0,0,0,0,0,0
AT1G23650,Arabidopsis_thaliana,1,0,0,0,0,0,0,0,0,0,0,0,0,1,0,1,1,1
AT1G23985,Arabidopsis_thaliana,0,0,0,0,0,0,0,0,0,0,0,0,1,1,1,1,1,1
AT1G24390,Arabidopsis_thaliana,0,0,0,0,0,0,0,0,1,1,0,0,0,1,1,1,1,1
AT1G24475,Arabidopsis_thaliana,0,0,0,0,0,0,0,0,0,0,0,0,0,0,0,0,0,0
AT1G24660,Arabidopsis_thaliana,0,0,0,0,0,0,0,0,1,1,0,0,1,1,1,1,0,1
AT1G24880,Arabidopsis_thaliana,0,0,0,0,0,0,0,0,0,1,0,1,1,1,1,0,0,0
AT1G25277,Arabidopsis_thaliana,0,0,0,0,1,0,1,1,0,1,1,0,1,1,1,1,1,1
AT1G26225,Arabidopsis_thaliana,0,0,0,0,0,0,0,0,0,0,0,0,0,0,0,0,0,0
AT1G26350,Arabidopsis_thaliana,1,1,1,1,1,1,0,0,1,1,0,0,1,1,0,1,1,1
AT1G26921,Arabidopsis_thaliana,0,0,0,0,0,0,0,0,1,1,0,0,1,1,1,1,1,1
AT1G26976,Arabidopsis_thaliana,0,0,0,0,0,0,0,0,1,1,0,0,0,1,1,1,1,1
AT1G27555,Arabidopsis_thaliana,1,1,1,1,1,1,0,0,1,1,1,1,1,1,1,0,0,0
AT1G27565,Arabidopsis_thaliana,0,0,0,0,0,0,0,0,1,1,0,0,0,1,1,1,1,1
AT1G27640,Arabidopsis_thaliana,1,1,1,1,0,1,0,0,1,1,1,1,1,1,0,1,1,1
AT1G28005,Arabidopsis_thaliana,0,0,0,0,0,0,0,0,0,0,0,0,1,1,0,1,1,1
AT1G28135,Arabidopsis_thaliana,0,0,0,0,0,0,0,0,1,1,0,0,0,1,1,1,1,1
AT1G28265,Arabidopsis_thaliana,0,0,0,0,0,0,0,0,0,0,0,0,0,1,0,1,1,1
AT1G28765,Arabidopsis_thaliana,1,1,1,1,1,1,0,1,0,0,1,1,1,1,1,1,1,1
AT1G29418,Arabidopsis_thaliana,0,0,0,0,0,0,0,1,1,0,0,0,1,1,1,1,1,1
AT1G29435,Arabidopsis_thaliana,0,0,0,0,0,0,0,0,0,1,0,0,0,1,0,0,0,0
AT1G29465,Arabidopsis_thaliana,0,0,0,0,0,0,0,0,1,1,0,0,0,1,1,1,1,1
AT1G29535,Arabidopsis_thaliana,0,0,0,0,0,0,1,1,0,1,1,1,1,1,1,1,1,1
AT1G29775,Arabidopsis_thaliana,0,0,0,0,0,0,1,1,0,1,1,0,1,1,1,1,0,1
AT1G30757,Arabidopsis_thaliana,1,1,1,1,1,0,0,0,1,1,0,1,1,1,1,1,1,1
AT1G31243,Arabidopsis_thaliana,0,0,0,0,0,0,0,0,0,0,1,0,1,1,0,1,1,1
AT1G31270,Arabidopsis_thaliana,1,1,1,1,1,1,0,0,1,1,0,0,1,1,1,1,1,1
AT1G31520,Arabidopsis_thaliana,1,1,1,1,1,1,0,0,1,1,0,0,0,0,0,1,0,1
AT1G31772,Arabidopsis_thaliana,0,0,0,0,0,0,1,1,1,1,1,0,1,1,1,1,1,1
AT1G31835,Arabidopsis_thaliana,0,0,0,0,0,0,0,1,1,1,1,0,1,1,1,1,1,1
AT1G32225,Arabidopsis_thaliana,1,1,1,1,1,0,0,0,1,1,0,0,1,1,0,1,1,1
AT1G32337,Arabidopsis_thaliana,0,0,0,0,0,0,0,0,1,1,1,0,1,1,0,1,1,0
AT1G32570,Arabidopsis_thaliana,0,0,0,0,0,1,1,1,1,1,1,0,1,1,1,1,1,1
AT1G32575,Arabidopsis_thaliana,0,0,0,0,0,0,1,1,1,1,1,0,1,1,1,1,1,1
AT1G32650,Arabidopsis_thaliana,0,0,0,0,0,0,0,0,1,1,0,0,0,0,1,0,0,0
AT1G32975,Arabidopsis_thaliana,0,0,0,0,0,0,0,0,1,1,0,0,0,0,0,0,0,0
AT1G33102,Arabidopsis_thaliana,0,0,0,0,1,0,0,0,1,1,0,0,0,1,1,1,1,1
AT1G33355,Arabidopsis_thaliana,0,0,0,0,0,0,0,1,0,1,0,0,0,0,0,0,0,0
AT1G33640,Arabidopsis_thaliana,0,0,0,0,0,0,0,1,1,1,1,0,1,1,1,1,1,1
AT1G33860,Arabidopsis_thaliana,1,1,1,1,1,1,0,0,1,1,1,0,1,1,1,1,1,1
AT1G33945,Arabidopsis_thaliana,0,0,0,0,0,0,0,0,0,0,0,0,0,0,0,0,0,0
AT1G34042,Arabidopsis_thaliana,1,0,1,1,0,1,0,0,1,0,0,0,0,0,0,0,0,0
AT1G34049,Arabidopsis_thaliana,0,0,0,0,0,0,1,0,0,0,0,0,1,1,0,0,1,0
AT1G34095,Arabidopsis_thaliana,1,1,1,1,1,1,0,0,1,1,1,0,1,1,1,1,1,1
AT1G34315,Arabidopsis_thaliana,0,1,0,0,1,0,1,1,1,1,1,0,1,1,1,1,1,1
AT1G34317,Arabidopsis_thaliana,0,0,0,0,1,1,0,0,0,0,1,0,1,0,0,1,1,0
AT1G34400,Arabidopsis_thaliana,1,1,1,1,1,1,0,0,1,1,0,1,1,1,0,1,1,1
AT1G34403,Arabidopsis_thaliana,1,1,1,1,1,1,0,0,0,0,0,0,1,1,0,1,1,1
AT1G35181,Arabidopsis_thaliana,0,0,0,0,0,0,0,0,1,1,0,0,0,0,0,0,0,0
AT1G35242,Arabidopsis_thaliana,0,0,0,0,0,0,0,0,1,1,0,0,0,1,0,1,1,1
AT1G35255,Arabidopsis_thaliana,1,1,0,1,1,1,1,1,1,1,1,0,1,1,1,1,1,1
AT1G35320,Arabidopsis_thaliana,1,1,1,1,1,1,1,1,1,1,1,0,1,1,1,1,1,1
AT1G35375,Arabidopsis_thaliana,1,1,1,1,1,1,0,0,1,1,1,0,1,1,1,1,1,1
AT1G35516,Arabidopsis_thaliana,1,1,1,1,1,0,1,1,1,1,1,1,1,1,1,1,1,1
AT1G35895,Arabidopsis_thaliana,0,0,0,0,0,0,0,0,0,0,0,0,0,0,0,0,0,0
AT1G36078,Arabidopsis_thaliana,0,0,0,0,1,0,0,0,1,1,0,0,1,1,0,1,1,1
AT1G36085,Arabidopsis_thaliana,1,1,1,1,1,1,0,0,0,0,0,0,1,1,0,1,1,1
AT1G36272,Arabidopsis_thaliana,1,1,1,1,1,0,0,0,1,1,1,0,1,1,0,1,1,1
AT1G36325,Arabidopsis_thaliana,1,1,1,1,1,1,0,0,0,0,0,0,1,0,0,1,1,1
AT1G36745,Arabidopsis_thaliana,0,0,0,0,1,1,0,0,1,1,0,0,1,1,0,1,1,1
AT1G36756,Arabidopsis_thaliana,1,1,1,1,1,1,0,0,1,1,1,0,1,0,0,1,1,1
AT1G36942,Arabidopsis_thaliana,1,1,1,1,1,0,0,0,1,1,0,0,0,0,0,1,0,1
AT1G38790,Arabidopsis_thaliana,0,0,0,0,0,0,0,0,1,1,1,0,1,0,0,0,1,0
AT1G39060,Arabidopsis_thaliana,0,0,0,0,0,0,0,0,0,0,0,0,1,0,0,0,1,0
AT1G40086,Arabidopsis_thaliana,0,0,0,0,0,0,0,0,0,0,0,0,0,0,0,0,1,0
AT1G40090,Arabidopsis_thaliana,0,0,0,0,0,0,0,0,0,0,0,0,1,0,0,0,1,0
AT1G43415,Arabidopsis_thaliana,1,1,1,1,1,1,0,0,1,1,0,0,1,0,0,1,0,1
AT1G43605,Arabidopsis_thaliana,0,0,0,0,0,0,0,0,0,0,1,0,0,1,1,1,1,1
AT1G43815,Arabidopsis_thaliana,1,1,1,1,1,1,0,0,1,1,1,0,1,1,0,1,1,1
AT1G43825,Arabidopsis_thaliana,1,1,1,1,1,1,0,0,0,0,0,0,1,1,0,1,1,1
AT1G43970,Arabidopsis_thaliana,1,1,1,1,1,1,0,0,1,1,1,0,1,0,0,1,1,1
AT1G44085,Arabidopsis_thaliana,0,0,0,0,0,0,0,0,1,1,0,0,0,0,0,0,0,0
AT1G44940,Arabidopsis_thaliana,0,0,0,1,1,0,0,0,1,1,1,0,1,1,1,1,1,1
AT1G44941,Arabidopsis_thaliana,0,0,0,0,0,0,0,0,1,1,0,0,0,1,0,1,0,1
AT1G44990,Arabidopsis_thaliana,0,0,0,0,0,1,0,0,1,1,0,0,0,1,0,0,0,0
AT1G45163,Arabidopsis_thaliana,1,1,1,1,1,1,0,1,1,1,1,1,1,1,1,1,1,1
AT1G45165,Arabidopsis_thaliana,0,0,0,0,0,0,0,0,0,0,0,0,0,1,0,0,0,0
AT1G46336,Arabidopsis_thaliana,0,0,0,0,1,0,0,0,1,1,1,0,1,1,0,1,1,1
AT1G47495,Arabidopsis_thaliana,1,1,1,1,1,1,0,0,1,1,0,0,1,0,0,1,1,1
AT1G47657,Arabidopsis_thaliana,1,1,1,1,1,1,0,0,0,0,0,0,1,1,1,1,1,1
AT1G47660,Arabidopsis_thaliana,1,1,1,1,1,1,0,0,1,1,1,0,1,1,0,1,1,1
AT1G47680,Arabidopsis_thaliana,1,1,1,1,1,1,0,0,1,1,0,0,1,0,0,1,1,1
AT1G47690,Arabidopsis_thaliana,0,0,1,0,0,0,0,0,1,1,0,0,1,1,0,1,1,1
AT1G47700,Arabidopsis_thaliana,0,0,1,0,0,0,0,0,1,1,0,0,1,1,0,1,1,1
AT1G48355,Arabidopsis_thaliana,0,0,0,0,0,0,0,0,0,0,0,0,0,0,0,0,0,0
AT1G48725,Arabidopsis_thaliana,1,1,1,1,1,1,0,0,0,0,0,0,0,0,0,1,0,1
AT1G48730,Arabidopsis_thaliana,0,0,1,0,1,1,0,0,1,1,1,0,1,1,1,1,1,1
AT1G48912,Arabidopsis_thaliana,0,0,0,0,0,0,0,1,1,1,1,0,0,1,0,1,1,1
AT1G48953,Arabidopsis_thaliana,0,0,0,0,0,0,0,0,1,1,0,0,1,1,1,1,1,1
AT1G49205,Arabidopsis_thaliana,0,0,0,0,0,0,1,1,1,0,1,0,1,1,0,1,1,1
AT1G49680,Arabidopsis_thaliana,1,1,1,1,1,1,0,0,1,1,1,0,1,1,1,1,1,1
AT1G51402,Arabidopsis_thaliana,0,0,0,0,0,0,0,1,1,1,1,0,1,1,1,0,1,0
AT1G51823,Arabidopsis_thaliana,0,0,0,0,0,0,0,0,1,1,0,0,0,0,0,0,0,0
AT1G52905,Arabidopsis_thaliana,0,0,0,0,0,0,0,0,1,1,0,0,1,1,1,1,1,1
AT1G53366,Arabidopsis_thaliana,0,0,0,0,0,0,0,0,1,1,0,0,0,0,0,0,0,0
AT1G53541,Arabidopsis_thaliana,0,0,0,0,0,0,0,0,1,1,0,0,0,0,1,0,0,0
AT1G53655,Arabidopsis_thaliana,0,0,1,0,0,0,0,1,1,1,1,0,1,1,1,1,1,1
AT1G53887,Arabidopsis_thaliana,0,0,0,0,0,0,0,0,0,0,0,1,1,1,1,1,1,1
AT1G54420,Arabidopsis_thaliana,1,1,1,1,1,1,0,0,1,1,0,0,1,1,0,1,1,1
AT1G54700,Arabidopsis_thaliana,1,1,1,1,1,1,0,0,1,1,1,0,1,1,0,1,1,1
AT1G54773,Arabidopsis_thaliana,1,0,1,1,1,0,1,1,0,1,1,0,1,1,1,1,1,1
AT1G55220,Arabidopsis_thaliana,1,1,1,1,1,1,0,1,1,1,1,0,1,1,0,1,1,1
AT1G55673,Arabidopsis_thaliana,0,0,0,0,0,0,0,0,0,0,1,1,1,1,1,1,1,1
AT1G55755,Arabidopsis_thaliana,0,0,0,0,0,0,1,1,0,1,1,0,1,1,1,1,1,1
AT1G55917,Arabidopsis_thaliana,0,0,0,0,0,0,0,0,0,0,0,0,0,1,1,1,1,1
AT1G55945,Arabidopsis_thaliana,0,0,0,0,0,0,0,0,0,0,0,0,1,1,0,1,0,1
AT1G56105,Arabidopsis_thaliana,0,0,0,0,0,0,0,0,0,0,1,0,1,0,0,0,0,0
AT1G56225,Arabidopsis_thaliana,0,0,0,0,0,0,0,0,0,0,0,0,1,0,0,0,0,0
AT1G56530,Arabidopsis_thaliana,1,1,1,1,1,1,0,0,1,1,0,0,0,1,0,1,1,1
AT1G58150,Arabidopsis_thaliana,1,1,1,1,1,1,1,1,1,1,1,0,1,1,1,1,1,1
AT1G58223,Arabidopsis_thaliana,0,1,1,1,0,0,0,0,0,0,0,1,0,1,0,1,1,1
AT1G58235,Arabidopsis_thaliana,1,1,1,1,1,1,0,0,1,1,1,1,1,1,1,1,1,1
AT1G59885,Arabidopsis_thaliana,1,1,1,1,1,1,0,0,1,1,0,0,0,0,0,1,0,1
AT1G61165,Arabidopsis_thaliana,0,0,0,0,0,0,0,0,1,1,0,0,0,1,0,1,1,1
AT1G61562,Arabidopsis_thaliana,0,0,0,0,0,0,0,0,0,0,0,0,1,1,1,1,1,1
AT1G61565,Arabidopsis_thaliana,0,0,0,0,0,0,0,0,1,1,0,0,0,1,1,1,1,1
AT1G61920,Arabidopsis_thaliana,1,1,1,1,1,1,0,0,0,0,0,0,1,1,1,1,1,1
AT1G62240,Arabidopsis_thaliana,1,1,1,1,1,1,0,0,1,1,1,0,1,1,1,1,1,1
AT1G62333,Arabidopsis_thaliana,1,1,1,1,1,1,0,0,0,0,0,0,1,1,1,1,0,0
AT1G62421,Arabidopsis_thaliana,1,1,1,1,1,1,0,0,1,1,1,0,1,1,1,1,1,1
AT1G62895,Arabidopsis_thaliana,0,0,0,0,0,0,0,0,0,0,0,0,1,1,0,1,1,1
AT1G62915,Arabidopsis_thaliana,0,0,0,0,0,0,0,1,0,1,1,0,1,1,0,0,1,0
AT1G62978,Arabidopsis_thaliana,0,0,0,0,0,0,0,0,1,1,0,0,0,0,0,0,0,0
AT1G63615,Arabidopsis_thaliana,0,0,0,0,0,0,0,0,0,0,0,0,1,1,0,0,1,0
AT1G64561,Arabidopsis_thaliana,1,1,1,1,1,1,1,1,1,1,1,0,1,1,0,1,0,1
AT1G64795,Arabidopsis_thaliana,0,1,0,0,0,0,0,0,0,0,0,0,1,1,1,1,1,1
AT1G65349,Arabidopsis_thaliana,0,0,0,0,0,0,0,1,0,1,0,0,0,0,0,0,0,0
AT1G65541,Arabidopsis_thaliana,0,0,0,0,0,0,0,0,1,1,0,0,0,0,0,0,0,0
AT1G67148,Arabidopsis_thaliana,0,0,0,0,1,0,1,0,1,1,1,0,1,1,1,1,1,1
AT1G67855,Arabidopsis_thaliana,0,0,0,0,0,0,0,0,1,1,0,0,1,1,0,1,1,1
AT1G68526,Arabidopsis_thaliana,1,1,0,0,0,0,0,0,1,1,1,0,1,1,0,1,1,1
AT1G68723,Arabidopsis_thaliana,0,0,0,0,0,1,1,1,0,1,1,0,1,1,0,1,1,1
AT1G68862,Arabidopsis_thaliana,0,0,0,0,1,0,1,1,1,1,1,0,1,1,1,1,1,1
AT1G68935,Arabidopsis_thaliana,0,0,0,0,0,0,1,1,1,1,1,1,1,1,1,1,0,1
AT1G68945,Arabidopsis_thaliana,0,0,0,0,0,0,1,1,1,1,1,0,0,0,1,0,0,0
AT1G70175,Arabidopsis_thaliana,0,0,0,0,0,0,0,0,0,0,0,0,0,1,0,1,1,1
AT1G70209,Arabidopsis_thaliana,0,0,0,0,0,0,0,0,1,1,1,0,0,0,0,0,0,0
AT1G70335,Arabidopsis_thaliana,0,0,0,0,0,0,1,1,0,1,1,0,1,0,0,0,0,0
AT1G70475,Arabidopsis_thaliana,0,0,0,0,0,0,0,0,0,0,0,1,1,1,1,0,0,0
AT1G70944,Arabidopsis_thaliana,0,0,0,0,0,0,0,0,1,1,1,0,0,1,0,1,1,1
AT1G71235,Arabidopsis_thaliana,1,1,1,1,1,1,0,0,1,1,0,0,0,1,0,0,0,0
AT1G72141,Arabidopsis_thaliana,0,0,0,0,0,0,0,0,1,1,0,0,1,1,0,1,1,1
AT1G72545,Arabidopsis_thaliana,0,0,0,0,0,0,1,1,1,1,1,0,0,1,1,1,1,1
AT1G72755,Arabidopsis_thaliana,0,0,0,0,0,0,0,0,0,0,0,0,0,1,0,1,0,1
AT1G73065,Arabidopsis_thaliana,0,0,0,0,0,0,0,0,0,0,0,0,1,1,0,0,1,0
AT1G74035,Arabidopsis_thaliana,0,0,0,0,0,0,0,0,0,0,0,0,0,0,1,0,0,0
AT1G74385,Arabidopsis_thaliana,0,0,0,0,0,0,1,0,0,0,1,0,1,1,0,0,0,0
AT1G74675,Arabidopsis_thaliana,0,0,1,1,1,1,1,1,0,1,1,0,1,1,1,1,1,1
AT1G74929,Arabidopsis_thaliana,0,0,0,0,0,0,0,0,1,0,0,0,0,0,1,0,0,0
AT1G75785,Arabidopsis_thaliana,0,0,0,0,0,0,1,1,0,1,1,0,1,1,0,1,1,1
AT1G75945,Arabidopsis_thaliana,0,0,0,0,0,0,0,0,0,0,0,1,0,1,1,1,1,1
AT1G76465,Arabidopsis_thaliana,0,0,0,0,0,0,0,0,0,0,1,0,1,0,1,0,1,0
AT1G76728,Arabidopsis_thaliana,0,0,0,0,0,0,0,0,1,1,0,0,0,0,1,0,0,0
AT1G76910,Arabidopsis_thaliana,0,0,0,0,1,1,0,0,1,1,0,0,1,1,1,1,1,1
AT1G76994,Arabidopsis_thaliana,0,0,0,0,0,0,0,0,1,1,1,0,1,1,1,1,1,1
AT1G77655,Arabidopsis_thaliana,0,0,0,0,0,0,0,0,1,1,0,0,1,1,1,1,1,1
AT1G77910,Arabidopsis_thaliana,0,0,0,0,0,0,0,0,1,1,0,0,1,0,0,0,1,0
AT1G78030,Arabidopsis_thaliana,0,1,0,0,1,1,1,1,1,1,1,0,1,1,1,1,1,1
AT1G78476,Arabidopsis_thaliana,0,1,0,0,0,0,0,0,1,0,0,0,1,1,1,1,1,1
AT1G79103,Arabidopsis_thaliana,1,1,1,1,1,1,1,1,0,1,1,0,1,1,1,1,1,1
AT1G79170,Arabidopsis_thaliana,1,1,1,1,1,1,0,0,1,1,1,0,1,1,1,1,1,1
AT1G79485,Arabidopsis_thaliana,0,0,0,0,0,0,0,0,0,0,0,0,0,1,1,1,1,1
AT1G80315,Arabidopsis_thaliana,0,0,0,0,0,0,0,0,0,0,0,0,1,1,1,1,1,1
AT1G80865,Arabidopsis_thaliana,1,1,1,1,1,1,0,0,1,1,0,0,1,1,1,1,1,1
AT2G01008,Arabidopsis_thaliana,1,1,1,1,1,1,0,1,1,1,1,0,1,1,1,1,1,1
AT2G01023,Arabidopsis_thaliana,0,0,0,0,1,0,0,1,1,1,1,0,1,0,1,1,1,0
AT2G01035,Arabidopsis_thaliana,1,1,1,1,1,1,1,1,1,1,1,0,1,1,1,1,1,1
AT2G01045,Arabidopsis_thaliana,1,1,1,1,1,1,1,1,0,1,1,0,1,1,0,1,1,1
AT2G01175,Arabidopsis_thaliana,1,0,1,1,1,0,1,1,1,1,1,0,1,1,1,1,1,1
AT2G01667,Arabidopsis_thaliana,0,0,1,1,1,0,1,1,1,1,1,0,1,1,1,1,1,1
AT2G02026,Arabidopsis_thaliana,0,0,0,0,0,0,0,0,0,0,0,0,0,1,0,0,0,1
AT2G02455,Arabidopsis_thaliana,0,0,0,0,0,0,0,0,0,0,0,0,1,1,1,1,1,1
AT2G02493,Arabidopsis_thaliana,1,1,0,0,1,0,0,0,0,0,1,0,1,1,1,1,1,1
AT2G02635,Arabidopsis_thaliana,0,0,0,0,0,0,0,0,0,0,0,0,0,1,0,1,0,1
AT2G02695,Arabidopsis_thaliana,0,0,0,0,0,0,0,0,0,0,0,0,0,0,0,0,0,0
AT2G02795,Arabidopsis_thaliana,1,1,1,1,1,1,0,0,1,1,0,0,1,1,0,1,1,1
AT2G02835,Arabidopsis_thaliana,1,1,1,1,1,1,1,0,1,1,1,0,1,0,1,1,1,1
AT2G03180,Arabidopsis_thaliana,1,1,1,1,1,1,0,0,1,1,0,0,1,1,0,1,1,1
AT2G03565,Arabidopsis_thaliana,1,1,1,1,0,1,0,0,1,1,0,0,0,1,0,1,1,1
AT2G03567,Arabidopsis_thaliana,0,0,0,0,0,0,0,0,0,1,0,0,1,1,0,1,1,1
AT2G03570,Arabidopsis_thaliana,1,1,1,1,1,1,0,0,1,1,1,0,0,0,0,1,0,1
AT2G03821,Arabidopsis_thaliana,1,1,1,1,1,1,1,1,1,1,1,1,1,1,1,1,1,1
AT2G03822,Arabidopsis_thaliana,0,0,0,0,0,0,0,0,0,0,0,0,1,0,1,0,1,0
AT2G03823,Arabidopsis_thaliana,0,0,0,0,0,0,0,0,0,0,0,0,1,0,1,0,1,0
AT2G04380,Arabidopsis_thaliana,1,0,1,1,1,1,0,0,1,1,1,1,1,1,0,1,1,1
AT2G04621,Arabidopsis_thaliana,0,0,0,0,0,0,0,0,0,0,0,0,0,1,0,1,1,1
AT2G04675,Arabidopsis_thaliana,0,0,0,0,0,0,0,0,1,1,1,0,1,1,0,1,1,1
AT2G04870,Arabidopsis_thaliana,1,1,1,1,1,1,0,0,1,1,0,0,1,1,0,1,1,1
AT2G05185,Arabidopsis_thaliana,1,1,1,1,1,0,1,1,1,1,1,0,1,1,1,1,1,1
AT2G05270,Arabidopsis_thaliana,0,0,1,0,1,0,0,1,1,1,1,1,1,1,0,1,1,1
AT2G05294,Arabidopsis_thaliana,0,0,0,0,0,0,0,0,1,1,0,0,0,0,0,0,0,0
AT2G05632,Arabidopsis_thaliana,0,0,0,0,0,0,0,0,1,1,0,0,1,1,1,1,1,1
AT2G05655,Arabidopsis_thaliana,0,0,1,1,1,0,1,1,0,1,1,0,1,1,1,0,1,1
AT2G05752,Arabidopsis_thaliana,1,1,1,1,1,1,0,0,1,1,0,0,1,1,0,0,0,0
AT2G05753,Arabidopsis_thaliana,0,0,0,0,0,0,0,0,1,1,0,0,0,1,1,1,1,1
AT2G05786,Arabidopsis_thaliana,1,0,0,0,0,0,0,0,1,1,0,0,0,1,0,1,1,1
AT2G05915,Arabidopsis_thaliana,1,1,1,1,1,1,0,0,1,1,1,0,1,1,1,1,1,1
AT2G06095,Arabidopsis_thaliana,0,0,0,0,1,1,0,0,1,1,0,0,1,1,0,1,1,1
AT2G06645,Arabidopsis_thaliana,1,1,1,1,1,1,0,0,1,1,1,0,1,1,1,1,1,1
AT2G06675,Arabidopsis_thaliana,1,1,1,1,1,1,0,0,0,0,0,0,1,0,0,1,1,1
AT2G06906,Arabidopsis_thaliana,1,1,1,1,1,1,0,0,1,1,0,0,1,1,0,1,1,1
AT2G06908,Arabidopsis_thaliana,1,1,1,1,1,1,0,0,1,1,0,0,1,0,0,1,1,1
AT2G07000,Arabidopsis_thaliana,0,0,0,0,0,0,0,0,1,0,0,0,1,1,1,1,1,1
AT2G07613,Arabidopsis_thaliana,0,0,0,0,0,0,0,1,0,1,1,0,0,0,1,0,0,0
AT2G07617,Arabidopsis_thaliana,0,0,0,0,0,0,0,0,0,0,0,0,1,0,1,0,1,0
AT2G07623,Arabidopsis_thaliana,0,0,1,1,1,1,0,1,0,1,1,1,1,0,1,1,1,1
AT2G07625,Arabidopsis_thaliana,1,1,1,1,1,1,0,0,0,0,1,0,1,0,1,1,1,1
AT2G07626,Arabidopsis_thaliana,0,0,0,0,0,0,0,0,1,0,0,0,0,1,1,1,1,1
AT2G07627,Arabidopsis_thaliana,1,1,1,1,1,1,0,1,1,1,1,0,0,1,1,0,1,1
AT2G07628,Arabidopsis_thaliana,0,0,0,0,0,1,0,1,0,0,0,0,0,0,1,0,0,0
AT2G07631,Arabidopsis_thaliana,1,1,1,1,1,1,0,0,0,0,0,0,1,1,1,1,1,1
AT2G07632,Arabidopsis_thaliana,0,0,0,0,1,0,0,0,0,0,0,0,1,1,1,1,0,1
AT2G07634,Arabidopsis_thaliana,0,0,0,0,1,0,0,1,0,0,0,0,1,0,1,1,1,0
AT2G07636,Arabidopsis_thaliana,1,0,1,1,0,0,0,0,0,1,1,0,0,0,0,0,0,0
AT2G07637,Arabidopsis_thaliana,1,1,1,1,1,1,0,1,0,1,1,0,0,1,1,1,0,1
AT2G07638,Arabidopsis_thaliana,1,1,1,1,1,1,0,1,0,1,1,0,0,0,1,1,0,1
AT2G07642,Arabidopsis_thaliana,1,1,1,1,1,1,0,1,1,1,1,0,1,0,1,1,1,1
AT2G07643,Arabidopsis_thaliana,0,0,0,0,1,0,0,1,1,1,1,0,1,0,0,1,0,0
AT2G07644,Arabidopsis_thaliana,0,0,0,0,0,0,0,0,0,0,0,0,0,0,0,0,0,0
AT2G07646,Arabidopsis_thaliana,0,0,0,0,0,0,0,1,0,0,1,0,0,0,1,0,0,0
AT2G07648,Arabidopsis_thaliana,1,1,1,1,1,1,0,0,0,0,0,0,0,0,1,1,0,1
AT2G07652,Arabidopsis_thaliana,0,0,0,0,0,0,0,1,0,1,1,0,1,0,1,0,1,0
AT2G07654,Arabidopsis_thaliana,0,0,0,0,0,0,0,0,0,0,0,0,1,1,1,0,1,0
AT2G07658,Arabidopsis_thaliana,1,1,1,1,1,1,0,0,0,1,1,0,1,1,0,1,1,1
AT2G07661,Arabidopsis_thaliana,1,0,0,1,1,0,0,0,0,0,0,0,1,1,0,1,1,1
AT2G07662,Arabidopsis_thaliana,1,1,1,1,1,1,0,0,0,1,1,0,1,0,1,1,1,1
AT2G07665,Arabidopsis_thaliana,0,0,0,0,1,1,0,0,0,1,1,0,0,0,0,1,0,0
AT2G07669,Arabidopsis_thaliana,1,1,1,1,1,1,1,1,1,1,1,0,1,0,0,1,0,0
AT2G07672,Arabidopsis_thaliana,1,1,1,1,1,1,1,1,1,1,1,0,1,1,1,1,1,1
AT2G07684,Arabidopsis_thaliana,1,1,1,1,1,1,0,0,1,1,0,0,1,0,1,1,1,1
AT2G07692,Arabidopsis_thaliana,1,1,1,1,1,1,0,1,1,1,1,0,1,1,1,1,1,1
AT2G07701,Arabidopsis_thaliana,1,1,1,1,1,1,1,1,1,1,1,0,1,0,0,1,1,1
AT2G07702,Arabidopsis_thaliana,1,1,1,1,1,1,1,1,1,1,1,0,1,1,0,1,1,1
AT2G07705,Arabidopsis_thaliana,1,1,1,1,1,1,1,1,1,1,1,0,0,0,0,1,0,1
AT2G07713,Arabidopsis_thaliana,1,1,1,1,1,1,0,1,1,1,0,0,0,1,0,0,0,0
AT2G07719,Arabidopsis_thaliana,1,1,1,1,0,1,0,1,1,1,1,0,1,0,1,0,1,1
AT2G07724,Arabidopsis_thaliana,1,1,1,1,1,1,1,1,1,1,1,0,1,1,1,1,1,1
AT2G07738,Arabidopsis_thaliana,1,1,1,1,1,1,0,0,1,1,0,0,1,1,1,1,1,1
AT2G07775,Arabidopsis_thaliana,1,1,1,0,0,1,0,1,1,1,1,0,1,1,1,1,1,1
AT2G07810,Arabidopsis_thaliana,0,0,0,0,1,0,0,0,0,0,0,0,1,1,0,1,1,1
AT2G07825,Arabidopsis_thaliana,0,1,1,0,0,1,0,1,1,0,1,0,1,1,0,0,1,0
AT2G07827,Arabidopsis_thaliana,1,1,1,1,1,1,0,1,1,1,0,0,1,1,1,1,1,1
AT2G07830,Arabidopsis_thaliana,0,0,0,0,0,0,0,0,1,0,0,0,0,0,0,0,0,0
AT2G07835,Arabidopsis_thaliana,1,1,1,1,1,1,0,0,1,1,1,0,1,0,0,1,1,1
AT2G07981,Arabidopsis_thaliana,0,0,0,0,0,0,0,1,1,1,1,0,1,1,0,0,1,1
AT2G09838,Arabidopsis_thaliana,0,0,0,0,0,0,0,0,1,1,0,0,0,0,0,0,0,0
AT2G09840,Arabidopsis_thaliana,1,1,1,1,1,1,0,0,1,1,1,0,1,1,0,1,1,1
AT2G10020,Arabidopsis_thaliana,1,1,1,1,1,1,0,0,1,1,0,0,0,0,0,1,0,1
AT2G10025,Arabidopsis_thaliana,0,0,0,0,0,0,0,0,0,0,0,0,1,1,0,1,1,1
AT2G10455,Arabidopsis_thaliana,0,0,0,0,0,0,1,1,0,1,1,0,0,1,0,1,0,1
AT2G10556,Arabidopsis_thaliana,0,0,0,0,0,0,0,0,0,0,0,0,1,1,0,1,1,1
AT2G10557,Arabidopsis_thaliana,0,0,0,0,0,0,0,0,1,1,0,0,0,1,0,1,0,1
AT2G10602,Arabidopsis_thaliana,1,1,1,1,1,1,0,0,1,1,0,0,1,1,0,1,1,1
AT2G10608,Arabidopsis_thaliana,1,1,1,1,1,1,0,0,1,1,0,0,1,1,0,1,1,1
AT2G10920,Arabidopsis_thaliana,1,1,1,1,1,1,1,0,1,1,1,0,1,1,0,1,1,1
AT2G10931,Arabidopsis_thaliana,1,0,0,0,0,0,1,0,1,1,1,1,1,1,1,0,1,0
AT2G11005,Arabidopsis_thaliana,1,1,1,1,1,1,0,0,1,1,1,0,0,1,0,1,1,1
AT2G11025,Arabidopsis_thaliana,1,1,1,1,0,0,0,0,0,1,0,0,1,1,0,1,1,1
AT2G11215,Arabidopsis_thaliana,1,1,1,1,1,1,0,1,1,1,1,1,1,1,1,1,1,1
AT2G11225,Arabidopsis_thaliana,0,0,0,0,1,0,1,1,0,1,1,1,1,1,1,1,1,1
AT2G11271,Arabidopsis_thaliana,0,0,0,0,0,0,0,1,1,1,0,0,1,0,0,0,0,0
AT2G11405,Arabidopsis_thaliana,1,1,1,1,1,1,0,1,1,1,0,0,0,1,0,1,0,0
AT2G11462,Arabidopsis_thaliana,1,1,1,1,1,1,0,0,1,1,0,0,0,0,0,1,0,1
AT2G11522,Arabidopsis_thaliana,0,0,0,0,0,0,0,0,1,1,1,0,1,1,1,1,1,1
AT2G11773,Arabidopsis_thaliana,1,0,1,1,1,1,0,0,1,1,0,0,0,1,0,1,1,1
AT2G11778,Arabidopsis_thaliana,0,0,0,0,1,0,0,0,1,1,0,0,0,0,0,0,0,0
AT2G11815,Arabidopsis_thaliana,1,1,1,1,1,1,1,1,0,1,1,0,1,1,1,1,1,1
AT2G11891,Arabidopsis_thaliana,0,0,0,0,0,0,0,0,1,1,1,0,0,0,1,0,0,0
AT2G12205,Arabidopsis_thaliana,0,0,0,0,0,1,0,0,0,1,0,0,1,1,0,1,1,1
AT2G12405,Arabidopsis_thaliana,1,1,1,1,1,1,0,0,1,1,0,0,1,1,0,1,1,1
AT2G12461,Arabidopsis_thaliana,1,1,1,1,1,1,0,0,1,1,0,0,1,1,1,1,1,1
AT2G12935,Arabidopsis_thaliana,1,1,1,1,1,1,0,0,1,1,0,0,1,1,0,1,1,1
AT2G12945,Arabidopsis_thaliana,1,1,1,1,1,1,0,1,1,1,0,0,1,0,0,1,1,1
AT2G13125,Arabidopsis_thaliana,1,1,1,1,1,1,0,0,1,1,0,0,1,1,0,1,1,1
AT2G13126,Arabidopsis_thaliana,0,0,0,0,0,0,0,0,1,0,0,0,0,1,1,0,0,0
AT2G13275,Arabidopsis_thaliana,1,1,1,1,1,0,0,0,0,0,0,0,1,1,1,1,1,1
AT2G13422,Arabidopsis_thaliana,1,0,1,1,1,1,0,0,1,1,0,0,1,1,1,1,1,1
AT2G13430,Arabidopsis_thaliana,1,1,1,1,1,1,0,0,1,1,1,1,1,1,1,1,1,1
AT2G13463,Arabidopsis_thaliana,0,0,0,0,0,0,0,0,1,1,1,0,1,1,1,1,1,1
AT2G13547,Arabidopsis_thaliana,0,0,1,0,1,0,0,0,1,1,1,0,1,1,1,1,1,1
AT2G13550,Arabidopsis_thaliana,1,1,1,1,1,1,1,0,1,1,1,0,1,1,1,1,1,1
AT2G13555,Arabidopsis_thaliana,0,0,0,0,0,0,0,1,0,1,1,0,1,1,1,1,1,1
AT2G13660,Arabidopsis_thaliana,1,1,1,1,0,1,0,0,1,1,1,1,1,1,1,1,1,1
AT2G13845,Arabidopsis_thaliana,1,1,1,1,1,1,1,1,1,1,1,0,1,1,0,1,1,1
AT2G13905,Arabidopsis_thaliana,0,0,0,0,0,0,0,0,0,0,0,0,1,1,0,1,1,1
AT2G13965,Arabidopsis_thaliana,1,1,1,1,1,1,0,1,0,1,0,0,0,1,1,1,0,1
AT2G14265,Arabidopsis_thaliana,0,0,0,0,0,0,0,0,0,0,0,0,1,1,1,1,1,1
AT2G14289,Arabidopsis_thaliana,0,0,0,0,0,0,0,0,1,1,1,0,1,1,0,0,1,0
AT2G14390,Arabidopsis_thaliana,1,1,1,1,1,1,0,0,1,1,0,0,0,0,0,1,0,1
AT2G14395,Arabidopsis_thaliana,1,1,1,1,1,1,0,0,1,1,1,0,1,1,0,1,0,1
AT2G14460,Arabidopsis_thaliana,1,1,1,1,1,1,1,1,1,1,1,1,1,1,1,1,1,1
AT2G14692,Arabidopsis_thaliana,0,0,0,0,0,0,0,0,1,1,1,0,1,1,1,1,1,1
AT2G14700,Arabidopsis_thaliana,1,1,1,1,1,1,0,0,1,1,0,0,1,1,0,1,1,1
AT2G14765,Arabidopsis_thaliana,1,1,1,1,1,1,0,1,1,1,1,1,1,1,0,1,1,1
AT2G14775,Arabidopsis_thaliana,1,1,1,1,1,1,0,1,1,1,1,0,1,1,1,1,1,1
AT2G14800,Arabidopsis_thaliana,1,1,1,1,1,1,0,1,1,1,1,0,1,1,1,1,1,1
AT2G14810,Arabidopsis_thaliana,0,0,0,0,0,0,0,0,1,1,0,0,0,0,0,0,0,0
AT2G15029,Arabidopsis_thaliana,0,0,0,0,0,0,1,1,1,1,0,0,1,0,1,0,0,0
AT2G15318,Arabidopsis_thaliana,0,0,0,0,0,0,0,0,1,1,0,0,1,1,1,1,1,1
AT2G15327,Arabidopsis_thaliana,1,1,1,1,1,1,1,0,1,1,1,0,1,1,1,1,1,1
AT2G16016,Arabidopsis_thaliana,0,0,0,0,1,0,0,0,1,1,0,0,0,0,1,1,0,0
AT2G16019,Arabidopsis_thaliana,0,0,0,0,0,0,0,0,1,1,0,0,0,1,1,1,1,1
AT2G16020,Arabidopsis_thaliana,0,0,0,0,0,0,0,0,1,1,0,0,0,1,1,1,1,1
AT2G16340,Arabidopsis_thaliana,1,1,1,1,1,1,0,0,1,1,0,0,0,0,1,0,0,0
AT2G16586,Arabidopsis_thaliana,1,1,1,1,1,1,0,0,1,1,1,0,1,1,1,1,1,1
AT2G17960,Arabidopsis_thaliana,0,0,0,0,0,0,0,0,1,1,0,0,0,0,0,0,0,0
AT2G18025,Arabidopsis_thaliana,0,0,0,0,0,0,0,0,1,1,1,1,1,0,0,0,1,0
AT2G18270,Arabidopsis_thaliana,1,1,0,1,0,0,0,0,1,1,1,1,1,1,1,1,1,1
AT2G18685,Arabidopsis_thaliana,0,0,0,0,0,0,0,0,0,0,0,1,0,0,0,0,0,0
AT2G18721,Arabidopsis_thaliana,0,0,0,0,0,0,0,0,1,1,0,0,0,0,0,0,0,0
AT2G18938,Arabidopsis_thaliana,0,0,0,0,0,0,0,0,1,1,1,0,1,1,1,1,1,1
AT2G18970,Arabidopsis_thaliana,0,0,0,0,0,0,0,0,1,1,0,0,0,1,0,1,1,1
AT2G19290,Arabidopsis_thaliana,0,0,0,0,0,0,0,0,1,1,1,0,0,1,1,1,1,1
AT2G19300,Arabidopsis_thaliana,0,0,0,0,0,0,0,0,1,1,0,0,0,0,0,0,0,0
AT2G20150,Arabidopsis_thaliana,1,1,1,1,1,1,0,0,1,1,0,0,1,1,1,1,1,1
AT2G20784,Arabidopsis_thaliana,0,0,0,0,0,0,0,0,1,1,0,0,0,0,0,0,0,0
AT2G20873,Arabidopsis_thaliana,0,0,0,0,0,0,0,0,0,0,0,0,1,1,0,1,1,1
AT2G21595,Arabidopsis_thaliana,0,0,0,0,0,0,0,0,0,0,0,0,1,0,1,0,1,0
AT2G22088,Arabidopsis_thaliana,0,0,0,0,0,0,0,0,1,1,1,0,1,0,0,0,0,0
AT2G22241,Arabidopsis_thaliana,0,0,0,0,0,0,0,0,0,0,0,0,0,0,0,0,0,0
AT2G22426,Arabidopsis_thaliana,0,0,0,0,0,0,0,1,1,1,1,0,0,0,0,0,0,0
AT2G22465,Arabidopsis_thaliana,0,0,0,0,0,0,0,0,0,0,0,0,1,1,0,1,1,1
AT2G22820,Arabidopsis_thaliana,0,0,0,0,0,0,0,0,1,1,0,0,1,1,1,1,1,1
AT2G22940,Arabidopsis_thaliana,0,0,0,0,0,0,0,1,1,1,0,0,0,0,0,0,0,0
AT2G23118,Arabidopsis_thaliana,0,0,0,0,0,0,0,0,0,0,0,0,0,0,0,0,0,0
AT2G23321,Arabidopsis_thaliana,0,0,0,0,0,0,1,1,1,1,1,0,1,0,0,0,0,0
AT2G23834,Arabidopsis_thaliana,0,0,0,0,0,0,1,1,1,1,1,1,1,1,0,1,1,1
AT2G23987,Arabidopsis_thaliana,0,0,0,0,0,0,0,0,0,0,0,0,1,1,0,1,1,1
AT2G24535,Arabidopsis_thaliana,0,0,0,0,0,0,1,1,1,1,1,0,1,1,1,1,1,1
AT2G24617,Arabidopsis_thaliana,0,0,0,0,1,0,0,0,1,1,0,0,0,1,0,1,1,1
AT2G24683,Arabidopsis_thaliana,0,0,0,0,0,0,0,0,1,1,0,0,0,0,1,0,0,0
AT2G24780,Arabidopsis_thaliana,0,0,0,0,0,0,0,0,1,1,0,0,0,1,0,1,1,1
AT2G25055,Arabidopsis_thaliana,0,0,0,0,0,0,0,0,0,0,1,0,1,0,1,0,1,0
AT2G25169,Arabidopsis_thaliana,0,0,0,0,0,1,0,0,1,1,1,0,1,1,0,1,1,1
AT2G25215,Arabidopsis_thaliana,1,1,0,0,1,0,1,1,1,1,1,0,1,0,1,0,1,0
AT2G25297,Arabidopsis_thaliana,0,0,0,0,0,0,0,1,1,1,1,0,1,1,0,1,1,1
AT2G25964,Arabidopsis_thaliana,0,0,0,0,0,0,0,0,1,1,0,0,1,1,0,1,1,1
AT2G25990,Arabidopsis_thaliana,0,0,0,0,1,0,0,0,0,0,1,0,1,0,1,1,0,0
AT2G26120,Arabidopsis_thaliana,1,1,1,1,1,1,0,0,1,1,0,0,1,1,1,1,1,1
AT2G26515,Arabidopsis_thaliana,1,1,1,1,1,1,0,1,1,1,1,0,1,1,1,1,1,1
AT2G27313,Arabidopsis_thaliana,0,0,0,0,0,0,1,1,0,1,1,0,1,1,1,1,1,1
AT2G27390,Arabidopsis_thaliana,0,0,0,0,0,0,0,0,1,0,0,0,0,1,0,0,1,0
AT2G27507,Arabidopsis_thaliana,0,0,0,0,0,0,0,0,0,0,1,0,1,1,1,0,1,0
AT2G27540,Arabidopsis_thaliana,0,0,0,0,0,0,0,0,1,1,0,0,1,0,0,0,0,0
AT2G28426,Arabidopsis_thaliana,0,0,0,0,0,0,1,1,1,1,1,0,0,1,1,1,1,1
AT2G29263,Arabidopsis_thaliana,0,0,0,0,0,0,0,0,1,1,0,0,0,0,0,0,0,0
AT2G29452,Arabidopsis_thaliana,0,0,0,0,0,0,0,0,0,0,0,0,1,0,1,0,0,0
AT2G29485,Arabidopsis_thaliana,0,0,0,0,0,0,0,0,0,0,0,0,0,1,1,1,1,1
AT2G29654,Arabidopsis_thaliana,0,0,0,0,0,0,0,0,1,1,0,0,0,1,0,1,1,1
AT2G29679,Arabidopsis_thaliana,0,0,0,0,0,0,0,0,1,1,0,0,0,0,0,0,0,0
AT2G29925,Arabidopsis_thaliana,0,0,0,0,0,0,0,0,0,0,0,0,0,0,0,0,0,0
AT2G30430,Arabidopsis_thaliana,0,0,0,0,0,0,0,0,1,1,0,0,0,0,0,0,0,0
AT2G30925,Arabidopsis_thaliana,0,0,0,0,0,0,0,0,1,1,0,0,0,0,0,0,0,0
AT2G30985,Arabidopsis_thaliana,0,0,0,0,0,0,0,0,1,1,0,0,1,1,1,1,1,1
AT2G31005,Arabidopsis_thaliana,0,0,0,0,0,0,0,0,1,1,0,0,0,1,0,1,0,1
AT2G31018,Arabidopsis_thaliana,0,0,0,0,0,0,0,0,1,1,0,0,0,1,1,0,0,0
AT2G31141,Arabidopsis_thaliana,0,0,0,0,0,0,0,0,1,1,1,0,0,1,1,1,1,1
AT2G31265,Arabidopsis_thaliana,0,0,0,0,0,0,0,0,0,0,0,0,0,0,1,0,0,0
AT2G31700,Arabidopsis_thaliana,0,0,0,0,0,0,0,0,1,1,0,0,0,0,0,0,0,0
AT2G31981,Arabidopsis_thaliana,0,0,0,0,0,0,1,1,1,1,1,0,0,0,0,0,0,0
AT2G33685,Arabidopsis_thaliana,0,0,0,0,0,0,0,0,0,0,0,0,1,1,0,1,1,1
AT2G34120,Arabidopsis_thaliana,1,0,0,0,0,0,0,0,1,1,0,0,1,1,0,1,1,1
AT2G34185,Arabidopsis_thaliana,1,1,1,1,1,1,1,1,1,1,1,0,1,1,1,1,1,1
AT2G34186,Arabidopsis_thaliana,0,0,0,0,0,0,0,0,1,1,0,0,0,0,1,0,0,0
AT2G34224,Arabidopsis_thaliana,0,0,0,0,0,0,0,0,1,1,0,0,0,1,1,1,1,1
AT2G34238,Arabidopsis_thaliana,0,0,0,0,0,0,0,0,1,1,0,0,1,1,0,1,1,1
AT2G34325,Arabidopsis_thaliana,1,1,1,1,1,0,1,1,0,1,1,0,1,1,1,1,1,1
AT2G34655,Arabidopsis_thaliana,0,0,0,0,0,0,0,0,1,1,0,1,1,1,1,1,1,1
AT2G35343,Arabidopsis_thaliana,0,0,0,0,0,0,0,0,0,0,0,0,0,1,0,1,1,1
AT2G35345,Arabidopsis_thaliana,1,1,1,1,1,1,1,1,1,1,1,0,1,1,0,1,1,1
AT2G35733,Arabidopsis_thaliana,0,0,0,0,0,0,1,0,1,1,1,1,1,1,0,1,1,1
AT2G35935,Arabidopsis_thaliana,0,0,0,0,0,0,0,0,0,0,0,0,0,1,0,0,0,0
AT2G35965,Arabidopsis_thaliana,0,0,0,0,0,0,0,0,0,0,1,1,1,1,1,1,1,1
AT2G36030,Arabidopsis_thaliana,0,0,0,0,0,0,0,0,1,1,1,1,1,1,1,1,1,1
AT2G38350,Arabidopsis_thaliana,0,0,0,0,0,0,0,0,1,1,0,0,1,1,0,1,1,1
AT2G38646,Arabidopsis_thaliana,0,0,0,0,0,0,0,0,1,1,0,0,1,1,1,1,1,1
AT2G39520,Arabidopsis_thaliana,0,0,0,0,0,0,0,0,1,1,0,0,0,1,0,1,0,1
AT2G39865,Arabidopsis_thaliana,0,0,0,0,0,0,0,0,1,1,0,0,1,1,0,1,1,1
AT2G40004,Arabidopsis_thaliana,0,0,0,0,0,0,0,0,1,1,0,0,0,1,0,1,1,1
AT2G40165,Arabidopsis_thaliana,0,0,0,0,0,0,0,0,0,0,0,0,0,1,1,1,1,1
AT2G40711,Arabidopsis_thaliana,1,1,1,1,1,1,1,1,1,1,1,0,1,1,1,1,1,1
AT2G40715,Arabidopsis_thaliana,0,0,0,0,0,0,0,0,1,0,1,0,1,1,1,1,1,1
AT2G41082,Arabidopsis_thaliana,1,1,1,1,1,1,1,1,1,1,1,1,1,1,0,1,1,1
AT2G41355,Arabidopsis_thaliana,1,1,1,1,1,1,0,0,0,0,0,0,1,1,0,1,1,1
AT2G41417,Arabidopsis_thaliana,0,0,0,0,0,0,0,0,0,0,0,0,0,0,0,0,0,0
AT2G41505,Arabidopsis_thaliana,0,0,0,0,0,0,1,0,0,0,1,0,1,1,1,1,1,1
AT2G41650,Arabidopsis_thaliana,1,1,1,1,1,1,1,1,1,1,1,1,1,1,1,1,1,1
AT2G43450,Arabidopsis_thaliana,1,1,1,1,1,1,1,1,1,1,1,0,1,1,0,1,1,1
AT2G43865,Arabidopsis_thaliana,1,1,1,1,1,1,0,0,1,0,0,0,1,1,0,1,1,1
AT2G44198,Arabidopsis_thaliana,0,0,0,0,0,0,0,0,1,1,0,0,0,0,0,0,0,0
AT2G45243,Arabidopsis_thaliana,0,0,0,0,0,0,1,1,0,1,1,0,0,1,1,1,1,1
AT2G45403,Arabidopsis_thaliana,1,1,1,1,1,1,0,0,1,1,1,0,1,1,1,1,1,1
AT2G45405,Arabidopsis_thaliana,0,0,0,0,0,0,0,0,0,0,0,0,1,0,1,0,1,0
AT2G46308,Arabidopsis_thaliana,0,0,0,0,0,0,0,0,1,1,0,0,0,0,0,0,0,0
AT2G46567,Arabidopsis_thaliana,0,0,0,0,0,0,1,1,1,1,1,0,0,0,1,0,0,0
AT2G46765,Arabidopsis_thaliana,0,0,0,0,0,0,0,0,0,0,0,0,1,1,0,1,1,1
AT2G46995,Arabidopsis_thaliana,0,0,0,0,0,0,1,1,1,1,1,0,1,0,1,0,1,0
AT2G47844,Arabidopsis_thaliana,0,0,0,0,0,0,0,1,1,1,0,0,1,0,0,0,0,0
AT2G47885,Arabidopsis_thaliana,0,0,0,0,0,0,0,0,0,0,0,0,0,1,0,0,1,0
AT3G01319,Arabidopsis_thaliana,0,0,0,0,0,0,0,0,1,1,1,0,1,0,0,0,1,0
AT3G01475,Arabidopsis_thaliana,0,0,0,0,0,0,1,1,0,1,1,0,1,1,1,1,1,1
AT3G01572,Arabidopsis_thaliana,0,0,0,0,0,0,0,0,1,1,1,0,1,0,1,0,0,0
AT3G01961,Arabidopsis_thaliana,0,0,0,0,0,0,0,0,1,1,0,0,0,1,0,1,1,1
AT3G02390,Arabidopsis_thaliana,0,0,0,0,0,0,1,1,1,1,1,0,1,1,1,1,1,1
AT3G02673,Arabidopsis_thaliana,0,0,0,0,0,0,0,0,0,0,1,0,1,1,1,1,1,1
AT3G02975,Arabidopsis_thaliana,0,0,0,0,0,0,0,0,0,0,0,0,0,0,1,0,0,0
AT3G03020,Arabidopsis_thaliana,1,0,0,0,0,1,1,1,1,1,1,1,0,1,1,1,1,1
AT3G04181,Arabidopsis_thaliana,1,1,1,1,1,1,1,1,1,1,1,0,1,1,1,1,1,1
AT3G04443,Arabidopsis_thaliana,0,0,0,0,0,0,1,1,0,1,1,1,1,1,0,1,1,1
AT3G04854,Arabidopsis_thaliana,0,0,0,0,0,0,0,0,1,1,1,0,0,0,1,0,0,0
AT3G04855,Arabidopsis_thaliana,0,0,0,0,0,0,0,0,1,1,1,0,0,1,1,1,0,1
AT3G05080,Arabidopsis_thaliana,0,0,0,0,0,0,0,0,0,0,0,1,1,0,0,0,0,0
AT3G05425,Arabidopsis_thaliana,0,0,0,0,0,0,0,0,1,1,0,0,1,0,0,0,0,0
AT3G05746,Arabidopsis_thaliana,1,1,1,1,1,0,1,0,1,1,0,0,1,1,1,1,1,1
AT3G06019,Arabidopsis_thaliana,0,0,0,0,0,0,0,1,1,1,1,0,0,1,0,0,0,0
AT3G06085,Arabidopsis_thaliana,0,0,0,0,0,0,0,0,0,0,0,0,0,1,0,1,1,1
AT3G06436,Arabidopsis_thaliana,0,0,0,0,0,0,0,0,0,0,0,0,1,1,1,0,1,0
AT3G07273,Arabidopsis_thaliana,1,1,1,0,0,0,1,0,1,1,0,1,0,1,1,0,1,1
AT3G07522,Arabidopsis_thaliana,0,0,0,0,0,0,0,0,1,1,1,0,1,0,0,0,0,0
AT3G08636,Arabidopsis_thaliana,0,0,0,0,0,0,0,0,1,0,0,0,0,0,0,0,0,0
AT3G09055,Arabidopsis_thaliana,0,0,0,0,0,0,0,1,0,0,1,0,0,1,1,1,1,1
AT3G09162,Arabidopsis_thaliana,1,0,0,1,0,0,1,1,1,1,1,0,1,1,1,1,1,1
AT3G09863,Arabidopsis_thaliana,0,0,0,0,0,0,1,1,1,1,1,0,1,0,0,0,0,0
AT3G10439,Arabidopsis_thaliana,0,0,0,0,0,0,0,0,1,1,0,0,0,0,0,0,0,0
AT3G10605,Arabidopsis_thaliana,1,1,1,1,1,1,0,0,0,0,1,1,1,1,1,1,1,1
AT3G10930,Arabidopsis_thaliana,1,1,1,1,1,1,0,1,1,1,1,1,1,1,1,1,1,1
AT3G10974,Arabidopsis_thaliana,0,0,0,0,0,0,0,0,1,1,0,0,0,0,0,0,0,0
AT3G12833,Arabidopsis_thaliana,1,1,1,1,1,1,0,0,0,0,0,0,1,1,1,1,1,1
AT3G12835,Arabidopsis_thaliana,0,0,0,0,0,0,0,0,1,1,0,0,0,0,1,0,0,0
AT3G13075,Arabidopsis_thaliana,1,1,1,1,1,0,0,0,0,0,1,1,0,0,0,0,0,0
AT3G13240,Arabidopsis_thaliana,0,0,0,0,0,0,1,1,1,1,1,1,0,1,1,1,1,1
AT3G13276,Arabidopsis_thaliana,0,0,0,0,0,0,1,1,0,1,1,0,0,1,1,1,1,1
AT3G13403,Arabidopsis_thaliana,0,0,0,0,0,0,0,0,1,1,0,0,0,1,1,1,1,1
AT3G13404,Arabidopsis_thaliana,0,0,0,0,0,0,0,0,1,1,0,0,0,1,1,1,1,1
AT3G13433,Arabidopsis_thaliana,0,0,0,0,0,0,1,1,1,1,1,0,0,1,1,1,1,1
AT3G13857,Arabidopsis_thaliana,0,0,0,0,0,0,0,0,1,0,0,0,1,1,0,1,1,1
AT3G14340,Arabidopsis_thaliana,0,0,0,0,0,0,0,1,0,1,1,0,0,1,1,1,1,1
AT3G14452,Arabidopsis_thaliana,0,0,0,0,0,0,1,0,1,1,1,0,1,1,1,1,1,1
AT3G14463,Arabidopsis_thaliana,0,0,0,0,0,0,1,1,0,1,1,0,0,1,1,1,1,1
AT3G14467,Arabidopsis_thaliana,0,1,0,1,1,0,1,1,0,1,1,0,1,1,1,1,0,1
AT3G14480,Arabidopsis_thaliana,1,1,1,1,1,1,0,0,1,1,0,1,1,1,1,1,1,1
AT3G14981,Arabidopsis_thaliana,0,0,0,0,0,0,0,0,1,1,0,0,0,1,0,0,0,0
AT3G15111,Arabidopsis_thaliana,0,0,0,0,0,0,0,0,1,1,0,0,0,0,0,0,0,0
AT3G15251,Arabidopsis_thaliana,0,0,0,0,0,0,0,0,1,1,0,0,0,1,0,0,0,0
AT3G15359,Arabidopsis_thaliana,0,0,0,0,0,0,0,0,1,1,0,0,0,1,1,1,1,1
AT3G15548,Arabidopsis_thaliana,0,0,0,0,0,0,0,0,1,1,0,0,0,0,0,0,0,0
AT3G15578,Arabidopsis_thaliana,0,0,0,0,0,0,0,0,1,1,1,0,0,0,1,0,0,0
AT3G15604,Arabidopsis_thaliana,0,0,0,0,0,0,0,0,1,1,1,0,0,0,0,0,0,0
AT3G15635,Arabidopsis_thaliana,0,0,0,0,0,0,0,0,0,0,0,1,0,1,0,1,1,1
AT3G15909,Arabidopsis_thaliana,1,0,1,1,1,1,0,0,1,1,0,0,1,1,0,1,1,1
AT3G16117,Arabidopsis_thaliana,0,0,0,0,1,0,0,0,1,1,0,0,1,0,0,1,0,0
AT3G16432,Arabidopsis_thaliana,0,0,0,0,0,0,0,0,1,0,0,0,1,0,0,0,1,0
AT3G16525,Arabidopsis_thaliana,0,0,0,0,0,0,0,0,0,0,0,0,1,1,0,0,1,0
AT3G17190,Arabidopsis_thaliana,0,0,0,0,1,1,0,0,1,1,0,0,0,0,0,1,0,0
AT3G17261,Arabidopsis_thaliana,0,0,0,0,0,0,0,0,1,0,0,0,0,1,0,1,1,1
AT3G17655,Arabidopsis_thaliana,0,0,0,0,0,0,1,1,0,1,1,0,1,1,0,1,1,1
AT3G17765,Arabidopsis_thaliana,0,0,0,0,0,0,0,0,0,0,0,0,0,1,0,0,0,0
AT3G18235,Arabidopsis_thaliana,0,0,0,0,0,0,0,0,1,1,0,0,0,0,0,0,0,0
AT3G18282,Arabidopsis_thaliana,1,1,1,1,1,1,0,0,1,1,1,1,1,1,1,1,1,1
AT3G18291,Arabidopsis_thaliana,0,0,0,0,0,0,0,0,1,1,0,0,1,0,0,0,1,0
AT3G18915,Arabidopsis_thaliana,0,0,0,0,0,0,0,0,0,0,0,0,0,1,0,0,0,0
AT3G18957,Arabidopsis_thaliana,1,1,0,0,1,0,0,0,1,1,1,0,0,1,0,1,0,1
AT3G19035,Arabidopsis_thaliana,0,0,0,0,0,0,0,0,1,1,0,0,0,0,0,0,0,0
AT3G19274,Arabidopsis_thaliana,0,0,0,0,0,0,0,0,1,1,0,0,0,1,0,1,1,1
AT3G19552,Arabidopsis_thaliana,0,0,0,0,0,0,0,0,0,0,0,0,0,0,0,0,0,0
AT3G19613,Arabidopsis_thaliana,0,0,0,0,0,0,0,0,0,0,0,0,0,1,1,0,0,0
AT3G21405,Arabidopsis_thaliana,0,0,0,0,0,0,0,0,0,0,0,0,1,1,0,1,1,1
AT3G21473,Arabidopsis_thaliana,1,1,1,1,1,1,0,1,0,0,0,0,1,0,0,1,0,1
AT3G21825,Arabidopsis_thaliana,1,1,1,1,1,1,0,1,0,1,0,0,1,1,0,1,1,1
AT3G22022,Arabidopsis_thaliana,0,0,0,0,0,0,0,0,0,0,0,0,0,0,0,0,0,0
AT3G22183,Arabidopsis_thaliana,0,0,0,0,0,0,0,0,1,0,0,0,1,1,0,0,0,0
AT3G22436,Arabidopsis_thaliana,0,0,0,0,0,0,0,0,1,1,0,0,1,0,1,0,0,0
AT3G22565,Arabidopsis_thaliana,0,0,0,0,0,0,0,0,0,0,0,0,1,1,1,1,1,1
AT3G22723,Arabidopsis_thaliana,0,0,0,0,0,0,0,0,1,1,0,0,0,0,0,0,0,0
AT3G23172,Arabidopsis_thaliana,1,1,1,1,1,1,0,0,1,1,0,0,1,1,0,1,1,1
AT3G24514,Arabidopsis_thaliana,1,1,1,1,1,1,0,0,1,0,0,0,1,1,0,1,1,1
AT3G24516,Arabidopsis_thaliana,0,0,0,0,0,0,0,0,1,1,0,0,0,1,0,0,0,0
AT3G24575,Arabidopsis_thaliana,0,0,0,0,0,1,1,1,0,1,1,0,1,0,1,0,0,0
AT3G24929,Arabidopsis_thaliana,1,1,1,1,1,1,1,1,1,1,1,1,1,1,1,1,1,1
AT3G25011,Arabidopsis_thaliana,0,0,0,0,0,0,0,0,0,0,0,0,0,1,0,0,0,0
AT3G25012,Arabidopsis_thaliana,0,0,0,0,0,0,0,0,0,0,0,0,0,1,1,0,0,0
AT3G25014,Arabidopsis_thaliana,0,0,0,0,0,0,0,0,0,0,0,0,0,0,0,0,0,0
AT3G25221,Arabidopsis_thaliana,0,0,0,0,0,0,1,1,0,1,1,0,1,0,1,0,0,0
AT3G25719,Arabidopsis_thaliana,0,0,0,0,0,0,0,0,1,1,0,0,0,1,0,1,1,1
AT3G26147,Arabidopsis_thaliana,0,0,0,0,0,0,0,0,1,1,0,0,0,1,1,1,1,1
AT3G26237,Arabidopsis_thaliana,1,1,0,1,0,0,0,0,0,0,1,0,1,1,1,0,0,0
AT3G26355,Arabidopsis_thaliana,0,0,0,0,0,0,0,0,0,0,1,0,0,1,1,0,0,0
AT3G26395,Arabidopsis_thaliana,0,0,0,0,0,0,1,1,1,1,0,0,1,1,1,1,1,1
AT3G26512,Arabidopsis_thaliana,0,0,0,0,0,0,0,0,0,0,0,0,0,1,1,1,1,1
AT3G26539,Arabidopsis_thaliana,1,1,1,1,1,0,1,1,1,1,1,0,1,1,1,1,1,1
AT3G26616,Arabidopsis_thaliana,1,1,1,1,1,1,0,0,1,1,1,0,1,1,0,1,1,1
AT3G26742,Arabidopsis_thaliana,0,0,0,0,0,0,0,0,1,1,1,0,1,1,1,1,1,1
AT3G28120,Arabidopsis_thaliana,0,0,0,0,0,0,0,0,1,1,0,0,0,1,0,1,1,0
AT3G28170,Arabidopsis_thaliana,1,1,1,1,1,1,0,1,1,1,1,0,1,0,1,1,1,1
AT3G28193,Arabidopsis_thaliana,1,1,0,1,1,0,0,0,1,1,0,0,1,1,1,1,1,1
AT3G28216,Arabidopsis_thaliana,0,0,0,0,0,0,0,0,1,1,1,0,1,1,1,1,1,1
AT3G28243,Arabidopsis_thaliana,0,0,0,0,0,0,0,0,0,0,0,0,0,1,0,1,0,1
AT3G28291,Arabidopsis_thaliana,0,0,1,0,0,0,0,0,1,1,0,0,1,1,1,0,0,0
AT3G28335,Arabidopsis_thaliana,1,1,0,1,1,1,0,0,0,0,1,0,1,1,1,1,1,1
AT3G28590,Arabidopsis_thaliana,1,1,1,1,1,1,0,1,0,1,1,0,0,1,1,1,1,1
AT3G28674,Arabidopsis_thaliana,1,1,1,1,1,1,0,0,1,1,0,0,0,0,0,1,0,1
AT3G28785,Arabidopsis_thaliana,1,1,1,1,1,1,0,0,1,0,0,0,1,1,0,1,1,1
AT3G28899,Arabidopsis_thaliana,0,0,0,0,0,0,1,0,1,1,1,0,1,1,1,1,1,1
AT3G29033,Arabidopsis_thaliana,1,1,1,1,1,1,0,0,1,1,0,0,0,0,0,1,0,1
AT3G29080,Arabidopsis_thaliana,1,1,1,1,1,1,0,1,1,1,1,0,1,1,1,1,1,1
AT3G29140,Arabidopsis_thaliana,1,1,1,1,1,1,0,0,1,1,1,1,1,1,1,1,1,1
AT3G29173,Arabidopsis_thaliana,1,1,1,1,0,1,0,1,0,1,1,0,1,1,1,1,1,1
AT3G29305,Arabidopsis_thaliana,0,0,0,0,1,0,0,0,1,1,1,0,1,1,0,1,1,1
AT3G29560,Arabidopsis_thaliana,1,1,1,1,1,1,0,0,1,1,0,0,1,1,0,1,1,1
AT3G29570,Arabidopsis_thaliana,1,1,1,1,1,1,0,0,1,1,0,0,1,1,1,1,1,1
AT3G29633,Arabidopsis_thaliana,0,0,0,0,0,0,0,0,1,1,0,0,1,1,1,1,1,1
AT3G29796,Arabidopsis_thaliana,0,1,0,0,1,0,0,0,1,1,0,0,1,0,0,1,1,0
AT3G30160,Arabidopsis_thaliana,0,0,0,0,1,1,0,1,1,1,1,0,1,1,0,1,1,1
AT3G30222,Arabidopsis_thaliana,0,0,0,0,0,0,0,0,0,0,0,0,1,0,0,0,1,0
AT3G30705,Arabidopsis_thaliana,0,0,0,0,0,0,0,0,1,1,0,0,0,0,0,0,0,0
AT3G30720,Arabidopsis_thaliana,1,1,1,1,1,1,1,1,1,1,1,1,1,1,1,1,1,1
AT3G30823,Arabidopsis_thaliana,1,1,1,1,1,1,0,0,0,0,0,0,1,1,1,1,1,1
AT3G30840,Arabidopsis_thaliana,0,0,0,0,0,0,0,0,1,1,1,0,1,1,0,1,1,1
AT3G30845,Arabidopsis_thaliana,1,1,1,1,1,1,0,0,1,1,0,0,1,1,0,1,1,1
AT3G31350,Arabidopsis_thaliana,1,1,1,1,1,1,0,0,1,1,0,0,1,1,0,1,1,1
AT3G33494,Arabidopsis_thaliana,1,1,1,1,1,1,0,0,1,1,0,0,1,0,0,1,1,0
AT3G41762,Arabidopsis_thaliana,1,1,1,1,1,1,0,0,1,1,0,0,1,1,1,1,1,1
AT3G42075,Arabidopsis_thaliana,0,0,0,0,0,0,0,0,0,0,0,0,1,1,1,1,1,1
AT3G42130,Arabidopsis_thaliana,1,1,1,1,1,1,0,0,1,1,1,0,0,0,1,1,0,1
AT3G42148,Arabidopsis_thaliana,0,0,0,0,0,0,0,0,1,1,0,0,1,1,1,1,1,1
AT3G42390,Arabidopsis_thaliana,1,1,1,1,1,1,0,0,1,1,0,0,0,1,0,1,1,1
AT3G42990,Arabidopsis_thaliana,1,1,1,1,1,1,0,0,1,1,0,0,1,0,0,1,1,1
AT3G42995,Arabidopsis_thaliana,0,0,0,0,0,0,0,0,0,0,0,0,0,1,0,1,0,1
AT3G43153,Arabidopsis_thaliana,1,1,1,1,1,1,1,1,1,1,1,0,0,1,1,1,1,1
AT3G43160,Arabidopsis_thaliana,1,1,1,1,1,1,0,0,1,1,0,0,1,1,0,1,1,1
AT3G43290,Arabidopsis_thaliana,1,1,1,1,1,1,0,0,1,1,0,0,1,1,1,1,1,1
AT3G43291,Arabidopsis_thaliana,0,0,0,0,0,0,0,0,1,1,1,0,1,0,1,0,1,0
AT3G43420,Arabidopsis_thaliana,1,1,0,0,1,0,0,0,1,1,0,0,1,1,1,1,1,1
AT3G43432,Arabidopsis_thaliana,1,1,1,1,1,1,0,0,1,1,0,0,1,1,0,1,1,1
AT3G43572,Arabidopsis_thaliana,1,1,1,1,0,1,0,0,1,1,0,0,0,0,0,0,0,1
AT3G43574,Arabidopsis_thaliana,1,1,1,1,1,1,0,0,1,1,1,0,0,1,0,1,1,1
AT3G43645,Arabidopsis_thaliana,0,0,0,0,0,0,0,0,0,0,0,0,1,1,0,1,1,1
AT3G43682,Arabidopsis_thaliana,1,1,1,1,1,1,0,0,1,1,1,0,1,1,0,1,1,1
AT3G44006,Arabidopsis_thaliana,1,1,1,1,0,0,0,0,1,1,0,0,1,0,1,0,0,1
AT3G44140,Arabidopsis_thaliana,1,1,1,1,1,1,1,1,1,1,1,0,1,1,1,1,1,1
AT3G44261,Arabidopsis_thaliana,1,1,1,1,1,1,0,0,1,1,0,0,1,0,0,1,1,1
AT3G44405,Arabidopsis_thaliana,0,0,0,0,0,1,1,0,0,1,1,0,1,1,1,1,1,1
AT3G44430,Arabidopsis_thaliana,1,1,1,1,1,1,1,1,1,1,1,1,1,1,1,1,1,1
AT3G44435,Arabidopsis_thaliana,0,0,0,0,0,0,0,0,0,0,1,0,1,1,1,0,1,1
AT3G44440,Arabidopsis_thaliana,0,0,0,0,0,0,0,0,1,1,1,0,1,1,1,1,1,1
AT3G44555,Arabidopsis_thaliana,1,0,0,1,1,0,0,0,0,0,0,0,0,1,0,1,1,1
AT3G44635,Arabidopsis_thaliana,0,0,0,0,0,0,0,0,0,0,0,0,0,1,0,0,0,0
AT3G44703,Arabidopsis_thaliana,1,1,1,1,1,1,1,1,0,1,1,0,1,1,1,1,1,1
AT3G44704,Arabidopsis_thaliana,0,0,0,0,0,0,0,0,1,1,0,0,0,0,0,0,0,0
AT3G44753,Arabidopsis_thaliana,0,0,0,0,0,0,0,0,0,0,0,1,1,1,1,1,1,1
AT3G44763,Arabidopsis_thaliana,0,1,0,1,1,0,0,1,0,1,1,0,1,1,1,1,1,1
AT3G44766,Arabidopsis_thaliana,0,1,0,1,1,0,1,1,1,1,1,0,1,1,1,1,1,1
AT3G44769,Arabidopsis_thaliana,1,1,1,1,1,0,1,1,0,1,1,0,1,1,1,1,1,1
AT3G44950,Arabidopsis_thaliana,1,1,1,1,1,1,0,0,1,1,1,0,1,1,1,1,1,1
AT3G44980,Arabidopsis_thaliana,1,1,1,1,1,1,0,0,1,1,0,0,1,1,0,1,1,1
AT3G45645,Arabidopsis_thaliana,1,1,0,1,1,1,1,1,0,1,1,0,1,0,0,1,0,1
AT3G45673,Arabidopsis_thaliana,0,1,0,0,0,0,0,0,1,1,0,1,1,1,0,1,1,1
AT3G45820,Arabidopsis_thaliana,0,0,0,0,0,1,0,0,1,1,0,0,0,1,1,1,1,1
AT3G46086,Arabidopsis_thaliana,0,0,0,0,0,0,0,0,1,0,0,0,1,0,0,0,1,0
AT3G46150,Arabidopsis_thaliana,1,1,0,1,1,1,0,0,1,1,1,0,1,0,0,1,1,1
AT3G46380,Arabidopsis_thaliana,1,1,1,1,1,1,0,0,1,1,0,0,1,0,0,1,1,1
AT3G46390,Arabidopsis_thaliana,0,0,0,0,1,1,0,0,1,1,1,0,1,0,0,1,1,0
AT3G46616,Arabidopsis_thaliana,0,0,0,0,0,0,1,1,1,1,1,0,1,1,1,1,1,1
AT3G46617,Arabidopsis_thaliana,0,0,0,0,0,0,0,0,0,0,1,0,1,1,1,1,1,1
AT3G46666,Arabidopsis_thaliana,0,0,0,0,0,0,0,0,0,0,0,0,0,0,0,0,0,0
AT3G46735,Arabidopsis_thaliana,0,0,0,0,0,0,0,0,0,0,0,0,0,1,0,1,1,1
AT3G46845,Arabidopsis_thaliana,0,1,1,1,1,0,0,0,0,0,0,0,0,1,1,1,1,1
AT3G47100,Arabidopsis_thaliana,1,1,1,1,1,1,0,0,1,1,1,0,1,1,0,1,1,1
AT3G47341,Arabidopsis_thaliana,0,0,0,0,0,0,0,0,1,1,0,0,1,0,0,0,0,0
AT3G47836,Arabidopsis_thaliana,0,0,0,0,0,1,1,1,1,1,1,1,0,1,1,1,1,1
AT3G47965,Arabidopsis_thaliana,0,0,0,0,0,0,1,1,1,1,1,1,1,1,1,1,1,1
AT3G48131,Arabidopsis_thaliana,0,1,1,0,0,0,1,1,1,1,1,0,0,0,1,0,0,0
AT3G48298,Arabidopsis_thaliana,0,0,0,0,0,0,0,0,1,0,0,0,0,1,0,0,0,0
AT3G48343,Arabidopsis_thaliana,1,0,0,1,1,0,1,1,1,1,1,0,1,1,0,1,1,1
AT3G48344,Arabidopsis_thaliana,0,0,0,0,0,0,0,0,1,1,0,0,0,0,1,0,0,0
AT3G48346,Arabidopsis_thaliana,0,0,0,0,0,0,1,1,1,1,0,0,1,1,0,1,1,1
AT3G49115,Arabidopsis_thaliana,0,0,0,0,0,0,0,0,0,0,0,0,0,0,0,0,0,0
AT3G49230,Arabidopsis_thaliana,1,1,1,1,1,1,1,1,1,1,1,0,1,1,1,1,1,1
AT3G49460,Arabidopsis_thaliana,1,1,1,1,1,1,0,0,1,1,0,0,1,1,0,0,1,0
AT3G49551,Arabidopsis_thaliana,0,0,0,0,0,0,0,0,1,1,0,0,0,0,0,0,0,0
AT3G49744,Arabidopsis_thaliana,0,0,0,0,0,0,0,0,1,1,0,0,0,1,0,1,1,1
AT3G50123,Arabidopsis_thaliana,0,0,0,0,0,0,0,0,1,1,0,0,0,0,0,0,0,0
AT3G50250,Arabidopsis_thaliana,1,1,1,1,1,1,0,0,1,1,1,0,1,1,1,1,1,1
AT3G50320,Arabidopsis_thaliana,1,1,1,1,1,1,0,0,1,1,0,0,1,1,0,1,1,1
AT3G50540,Arabidopsis_thaliana,0,0,0,0,0,0,1,1,1,1,1,0,1,1,0,1,1,1
AT3G51644,Arabidopsis_thaliana,0,0,0,0,0,0,0,0,1,1,0,0,0,1,0,1,1,1
AT3G52075,Arabidopsis_thaliana,0,0,0,0,1,0,0,1,0,1,1,0,1,1,1,1,1,1
AT3G52130,Arabidopsis_thaliana,0,1,0,1,0,1,0,0,0,1,1,0,0,1,1,1,1,1
AT3G52830,Arabidopsis_thaliana,1,1,1,1,1,1,0,0,1,1,1,0,1,1,0,1,1,1
AT3G52941,Arabidopsis_thaliana,0,0,0,0,0,0,0,0,1,1,0,0,1,0,0,0,1,0
AT3G53294,Arabidopsis_thaliana,0,0,0,0,0,0,0,0,1,1,0,0,0,0,0,0,0,0
AT3G53611,Arabidopsis_thaliana,0,0,0,0,0,0,0,0,1,1,0,0,0,0,0,0,0,0
AT3G55513,Arabidopsis_thaliana,1,1,1,1,1,1,0,0,1,1,0,0,1,1,0,1,1,1
AT3G57072,Arabidopsis_thaliana,0,0,0,0,0,0,0,0,1,1,0,0,0,1,0,0,0,0
AT3G57787,Arabidopsis_thaliana,0,0,0,0,0,0,0,0,0,0,0,0,0,1,0,0,0,0
AT3G58415,Arabidopsis_thaliana,1,1,1,1,1,1,1,1,0,1,1,0,1,1,0,1,1,1
AT3G58540,Arabidopsis_thaliana,1,0,1,0,1,1,1,1,1,1,1,0,0,1,1,1,1,1
AT3G58585,Arabidopsis_thaliana,0,0,0,0,0,0,0,0,0,0,0,0,0,1,0,1,1,1
AT3G58877,Arabidopsis_thaliana,0,0,0,0,0,0,0,0,1,0,0,0,0,1,0,1,0,1
AT3G59295,Arabidopsis_thaliana,0,0,0,0,0,0,0,0,0,0,0,0,0,1,0,1,1,1
AT3G59370,Arabidopsis_thaliana,1,1,1,1,1,1,1,1,1,1,1,0,1,1,1,1,1,1
AT3G59435,Arabidopsis_thaliana,0,0,0,0,0,0,1,1,0,1,1,0,1,1,0,1,1,1
AT3G60286,Arabidopsis_thaliana,0,0,0,0,0,0,1,1,1,1,0,0,1,1,1,1,1,1
AT3G60328,Arabidopsis_thaliana,0,0,0,0,0,0,0,0,1,1,0,0,0,0,0,0,0,0
AT3G60560,Arabidopsis_thaliana,1,1,1,1,1,1,0,0,1,1,0,0,1,1,0,1,1,1
AT3G60760,Arabidopsis_thaliana,1,1,1,1,1,1,0,1,1,1,1,0,1,1,0,0,0,0
AT3G60975,Arabidopsis_thaliana,0,0,0,0,0,0,0,1,0,1,1,0,1,1,1,1,1,0
AT3G61117,Arabidopsis_thaliana,0,0,0,0,0,0,0,0,1,1,0,0,0,1,1,0,0,0
AT3G61826,Arabidopsis_thaliana,0,0,0,0,0,0,0,0,1,1,0,0,0,0,0,0,0,0
AT3G61829,Arabidopsis_thaliana,0,0,0,0,0,0,0,0,1,1,0,0,0,1,0,1,1,1
AT3G61898,Arabidopsis_thaliana,0,0,0,0,1,0,0,0,1,1,1,0,1,1,1,1,1,1
AT3G61962,Arabidopsis_thaliana,0,0,0,0,0,0,0,0,1,1,0,0,1,0,0,0,1,0
AT3G62499,Arabidopsis_thaliana,0,0,0,0,0,0,0,1,1,1,1,0,1,1,1,1,1,1
AT3G62528,Arabidopsis_thaliana,1,1,1,1,1,1,0,0,1,1,0,0,1,1,1,1,1,1
AT3G62615,Arabidopsis_thaliana,0,0,0,0,0,0,0,0,0,0,0,0,0,1,0,0,0,0
AT3G62695,Arabidopsis_thaliana,0,0,0,0,0,0,0,0,0,0,0,0,1,1,1,0,1,0
AT3G63215,Arabidopsis_thaliana,0,0,0,0,0,0,0,0,0,0,0,0,0,1,0,1,1,1
AT3G63255,Arabidopsis_thaliana,0,0,0,0,0,0,0,0,0,0,0,0,0,0,0,0,0,0
AT4G00342,Arabidopsis_thaliana,0,0,0,0,0,0,0,0,1,1,0,0,0,0,0,0,0,0
AT4G00889,Arabidopsis_thaliana,0,0,0,0,0,0,0,0,0,0,0,0,1,1,0,0,1,0
AT4G00953,Arabidopsis_thaliana,1,1,1,1,1,1,0,0,1,1,0,0,1,1,0,1,1,1
AT4G01516,Arabidopsis_thaliana,0,0,0,0,0,0,0,1,1,1,0,0,0,0,0,0,0,0
AT4G01671,Arabidopsis_thaliana,0,0,0,0,0,0,0,0,1,1,0,0,0,0,0,0,0,0
AT4G01703,Arabidopsis_thaliana,0,0,0,0,0,0,0,0,1,1,0,0,1,1,0,1,1,1
AT4G01915,Arabidopsis_thaliana,1,1,1,1,0,1,1,1,1,1,1,1,0,1,1,1,1,1
AT4G02489,Arabidopsis_thaliana,0,0,1,1,1,0,0,1,1,1,1,0,1,1,1,1,1,1
AT4G02541,Arabidopsis_thaliana,0,0,0,0,0,0,0,0,1,1,1,0,1,1,0,0,0,0
AT4G03113,Arabidopsis_thaliana,0,0,0,0,0,0,0,1,1,1,0,0,0,0,0,0,0,0
AT4G03157,Arabidopsis_thaliana,0,0,0,0,0,1,0,0,1,1,1,1,1,1,0,1,1,1
AT4G03165,Arabidopsis_thaliana,1,1,1,1,1,1,0,0,1,1,0,0,0,0,0,1,0,1
AT4G03443,Arabidopsis_thaliana,0,0,0,0,0,1,0,0,1,1,0,0,0,0,0,0,0,0
AT4G04078,Arabidopsis_thaliana,0,0,0,0,0,0,0,0,1,1,0,0,0,1,1,1,1,1
AT4G04415,Arabidopsis_thaliana,0,0,0,0,1,1,0,0,0,0,0,0,0,1,0,1,1,1
AT4G04423,Arabidopsis_thaliana,1,1,1,1,1,1,0,0,1,1,0,0,0,1,1,1,1,1
AT4G04925,Arabidopsis_thaliana,1,1,1,1,1,1,1,0,1,1,1,0,1,1,1,1,1,1
AT4G05071,Arabidopsis_thaliana,0,0,0,0,0,0,0,0,1,1,0,0,0,1,1,1,1,1
AT4G05091,Arabidopsis_thaliana,0,0,0,0,0,0,0,0,1,1,0,0,1,1,1,1,1,1
AT4G05097,Arabidopsis_thaliana,0,0,0,0,0,0,0,0,0,0,0,0,1,1,1,0,1,0
AT4G05631,Arabidopsis_thaliana,0,0,0,0,0,1,0,0,1,1,1,0,1,1,1,1,1,1
AT4G05632,Arabidopsis_thaliana,1,1,1,1,1,1,0,0,1,1,1,0,1,1,0,1,1,1
AT4G06526,Arabidopsis_thaliana,1,1,1,1,1,1,0,0,1,1,0,0,1,1,0,1,1,1
AT4G06639,Arabidopsis_thaliana,1,1,1,1,1,1,0,0,1,1,0,0,1,1,0,1,1,1
AT4G06655,Arabidopsis_thaliana,1,1,1,1,1,1,0,0,0,1,0,0,1,1,0,1,1,1
AT4G07380,Arabidopsis_thaliana,1,1,1,1,1,1,0,0,1,1,1,0,1,0,0,1,1,1
AT4G07408,Arabidopsis_thaliana,0,0,0,0,0,0,0,0,1,1,0,0,0,1,0,1,0,1
AT4G07445,Arabidopsis_thaliana,1,1,1,1,1,1,0,1,1,1,1,0,0,1,0,1,1,1
AT4G07666,Arabidopsis_thaliana,1,1,1,1,1,1,0,0,1,1,0,0,1,0,0,1,1,1
AT4G07825,Arabidopsis_thaliana,1,1,1,1,1,1,0,1,1,1,1,1,1,1,1,1,1,1
AT4G07868,Arabidopsis_thaliana,1,1,1,1,1,1,0,0,1,1,1,0,1,1,1,1,1,1
AT4G07995,Arabidopsis_thaliana,0,0,0,0,0,0,0,0,0,0,0,0,1,1,1,1,1,1
AT4G08039,Arabidopsis_thaliana,0,0,0,0,0,0,0,0,1,1,0,0,1,1,0,1,1,1
AT4G08406,Arabidopsis_thaliana,0,0,0,0,0,0,0,0,1,1,0,0,0,0,0,0,0,0
AT4G08740,Arabidopsis_thaliana,1,1,1,1,1,1,0,0,1,1,0,0,0,1,0,1,1,1
AT4G08868,Arabidopsis_thaliana,1,1,1,1,1,1,1,1,1,1,1,0,1,1,1,1,1,1
AT4G09035,Arabidopsis_thaliana,0,0,0,0,0,0,0,0,0,0,0,0,0,1,0,1,1,1
AT4G09210,Arabidopsis_thaliana,1,1,1,1,1,1,0,0,1,1,1,0,1,1,0,1,1,1
AT4G09260,Arabidopsis_thaliana,1,1,1,1,1,1,0,0,1,1,1,0,1,1,0,1,1,1
AT4G09355,Arabidopsis_thaliana,0,0,0,0,0,0,0,0,0,0,0,0,0,1,1,0,0,0
AT4G09585,Arabidopsis_thaliana,0,0,0,0,1,0,0,0,1,1,1,0,1,1,1,1,1,0
AT4G09589,Arabidopsis_thaliana,0,0,0,0,0,0,1,1,0,1,1,1,0,1,1,0,0,0
AT4G09649,Arabidopsis_thaliana,0,0,0,0,0,0,0,0,0,0,0,0,0,1,1,0,0,0
AT4G09731,Arabidopsis_thaliana,0,0,0,0,0,0,1,1,1,1,1,0,1,1,1,1,1,1
AT4G09850,Arabidopsis_thaliana,0,0,0,0,0,0,1,1,1,1,1,0,1,1,1,1,1,1
AT4G09860,Arabidopsis_thaliana,0,0,0,0,0,0,0,0,1,1,0,0,1,0,0,0,0,0
AT4G09880,Arabidopsis_thaliana,1,1,1,1,1,1,0,1,1,1,0,0,1,0,0,1,1,1
AT4G11211,Arabidopsis_thaliana,0,0,0,0,0,0,0,0,0,0,0,0,0,1,1,1,1,1
AT4G11385,Arabidopsis_thaliana,0,0,0,0,0,0,0,0,1,1,0,0,1,1,0,0,0,0
AT4G11430,Arabidopsis_thaliana,1,1,1,1,1,1,0,0,1,1,0,0,0,0,1,1,0,1
AT4G11543,Arabidopsis_thaliana,1,1,1,1,1,1,0,1,1,1,1,0,0,1,1,1,1,1
AT4G11870,Arabidopsis_thaliana,1,1,1,1,1,1,0,0,1,1,0,0,1,1,1,1,1,1
AT4G12005,Arabidopsis_thaliana,0,0,0,1,1,0,1,1,1,1,1,0,1,1,1,1,1,1
AT4G12380,Arabidopsis_thaliana,1,1,1,1,0,1,0,0,1,1,0,0,1,1,0,0,1,1
AT4G12543,Arabidopsis_thaliana,0,0,0,0,0,0,0,1,0,1,0,0,0,1,1,1,1,1
AT4G12555,Arabidopsis_thaliana,0,0,0,0,0,0,0,1,0,1,0,1,0,1,1,1,1,1
AT4G13572,Arabidopsis_thaliana,0,0,0,0,1,0,0,0,1,1,0,1,0,0,0,1,0,0
AT4G13575,Arabidopsis_thaliana,1,1,0,1,1,1,1,1,1,1,1,1,1,1,1,1,1,1
AT4G14104,Arabidopsis_thaliana,1,1,1,1,1,1,0,1,1,1,1,0,0,1,1,1,1,1
AT4G14105,Arabidopsis_thaliana,1,1,1,1,1,1,0,1,1,1,1,0,0,1,1,1,1,1
AT4G15025,Arabidopsis_thaliana,1,1,0,0,0,0,0,0,0,0,0,0,0,0,0,0,0,0
AT4G15150,Arabidopsis_thaliana,1,1,1,1,1,1,0,0,1,1,1,0,1,1,1,1,1,1
AT4G15245,Arabidopsis_thaliana,1,1,1,1,1,1,0,0,0,0,0,0,1,0,0,0,1,1
AT4G16040,Arabidopsis_thaliana,1,1,1,1,1,1,0,0,1,1,0,0,1,1,0,1,1,1
AT4G16215,Arabidopsis_thaliana,1,1,1,1,1,1,0,0,1,1,0,0,1,1,1,1,1,1
AT4G16240,Arabidopsis_thaliana,0,0,0,0,0,0,0,0,0,0,1,0,0,1,1,1,1,1
AT4G16451,Arabidopsis_thaliana,0,0,0,0,0,0,0,0,1,1,1,0,0,0,0,0,0,0
AT4G16855,Arabidopsis_thaliana,0,0,0,0,0,0,0,0,1,1,1,0,0,1,0,1,1,1
AT4G16915,Arabidopsis_thaliana,0,0,0,0,1,0,0,0,1,1,0,0,0,0,0,1,0,0
AT4G16955,Arabidopsis_thaliana,0,0,0,0,0,0,0,0,0,0,0,0,0,1,0,1,1,1
AT4G16983,Arabidopsis_thaliana,0,0,0,0,0,0,0,0,0,0,0,1,0,1,1,1,1,1
AT4G17243,Arabidopsis_thaliana,0,0,0,0,0,0,0,0,0,0,0,0,1,1,0,1,1,1
AT4G18500,Arabidopsis_thaliana,0,0,0,0,0,0,0,0,1,1,0,0,1,1,0,0,1,0
AT4G19095,Arabidopsis_thaliana,0,0,0,0,0,0,0,0,1,1,0,0,1,1,0,1,1,1
AT4G19270,Arabidopsis_thaliana,1,1,1,1,1,1,0,0,1,1,1,0,1,1,0,1,1,1
AT4G19480,Arabidopsis_thaliana,1,1,1,1,1,1,0,0,1,1,0,0,0,0,0,1,0,1
AT4G20250,Arabidopsis_thaliana,0,0,0,0,0,0,0,0,1,1,0,0,0,1,0,1,0,1
AT4G20290,Arabidopsis_thaliana,0,0,0,0,0,0,0,0,1,1,0,0,1,1,0,1,1,1
AT4G20470,Arabidopsis_thaliana,0,0,0,0,1,0,1,1,1,1,1,0,1,1,0,1,1,1
AT4G20535,Arabidopsis_thaliana,1,1,1,1,1,1,1,1,1,1,1,0,0,1,0,1,0,1
AT4G20545,Arabidopsis_thaliana,1,1,1,1,1,1,1,1,1,1,1,0,0,1,0,1,0,1
AT4G20555,Arabidopsis_thaliana,1,1,1,1,1,1,1,1,1,1,1,0,0,1,0,1,0,1
AT4G20565,Arabidopsis_thaliana,1,1,1,1,1,1,1,1,1,1,1,0,0,0,0,1,0,1
AT4G20575,Arabidopsis_thaliana,1,1,1,1,1,1,1,1,1,1,1,0,0,0,0,1,0,1
AT4G20690,Arabidopsis_thaliana,1,1,1,1,1,1,0,0,1,1,0,0,0,0,0,0,0,0
AT4G20707,Arabidopsis_thaliana,1,1,1,1,1,1,1,1,1,1,1,0,0,1,0,1,1,1
AT4G20935,Arabidopsis_thaliana,0,0,0,0,1,0,1,1,0,1,1,0,1,1,0,1,1,0
AT4G20947,Arabidopsis_thaliana,1,1,0,1,1,1,0,0,0,0,1,0,1,1,0,1,1,0
AT4G20953,Arabidopsis_thaliana,1,1,1,1,1,1,0,0,0,0,1,1,1,1,0,1,1,1
AT4G21063,Arabidopsis_thaliana,0,0,0,0,0,0,1,1,0,1,1,1,1,1,0,0,1,0
AT4G21213,Arabidopsis_thaliana,0,0,0,0,0,0,0,0,1,1,0,0,1,1,0,1,1,1
AT4G21515,Arabidopsis_thaliana,0,0,0,0,0,0,0,0,0,0,0,0,0,1,0,1,1,1
AT4G21926,Arabidopsis_thaliana,0,0,0,0,0,0,0,1,1,1,0,0,1,1,0,1,1,1
AT4G22510,Arabidopsis_thaliana,0,0,0,0,0,0,0,0,1,1,0,0,0,1,0,1,1,1
AT4G23015,Arabidopsis_thaliana,0,0,0,0,0,0,0,0,0,0,0,0,1,0,0,0,0,0
AT4G23271,Arabidopsis_thaliana,0,0,0,0,0,0,0,0,0,0,0,0,0,0,0,0,0,0
AT4G23970,Arabidopsis_thaliana,0,0,0,0,0,0,0,0,1,1,0,0,0,0,0,0,0,0
AT4G24231,Arabidopsis_thaliana,0,0,0,0,0,0,0,0,1,1,1,0,0,0,0,0,0,0
AT4G24410,Arabidopsis_thaliana,1,1,0,1,1,0,1,1,1,1,1,0,1,1,0,1,1,1
AT4G24615,Arabidopsis_thaliana,0,0,0,0,0,0,0,0,0,0,1,0,0,1,0,1,1,1
AT4G24644,Arabidopsis_thaliana,0,0,0,0,0,0,0,0,1,1,0,0,0,0,0,0,0,0
AT4G25510,Arabidopsis_thaliana,0,0,0,0,0,0,0,0,1,1,0,0,0,1,0,1,1,1
AT4G26040,Arabidopsis_thaliana,0,0,0,0,0,0,0,0,1,1,0,0,1,1,0,1,1,1
AT4G26145,Arabidopsis_thaliana,0,0,0,0,0,0,1,1,0,1,0,0,1,1,0,1,1,1
AT4G26290,Arabidopsis_thaliana,0,0,0,0,0,0,1,1,1,1,1,0,1,0,0,0,0,0
AT4G27415,Arabidopsis_thaliana,0,0,0,0,0,0,0,0,1,1,0,0,0,0,0,0,0,0
AT4G27654,Arabidopsis_thaliana,0,0,1,1,0,1,0,1,1,1,1,1,1,1,0,1,1,1
AT4G28068,Arabidopsis_thaliana,0,0,0,0,0,0,0,0,1,1,0,0,1,0,0,0,0,0
AT4G28755,Arabidopsis_thaliana,0,0,0,0,0,0,0,0,0,0,0,0,1,1,0,1,1,1
AT4G28870,Arabidopsis_thaliana,1,1,1,1,1,1,0,0,1,1,0,0,1,1,0,1,1,1
AT4G29103,Arabidopsis_thaliana,0,0,0,0,0,0,0,0,1,1,0,0,0,0,0,0,0,0
AT4G29548,Arabidopsis_thaliana,0,0,1,1,1,0,1,1,1,1,1,0,0,1,0,1,1,1
AT4G30097,Arabidopsis_thaliana,0,0,0,0,0,0,0,0,1,1,0,1,0,1,0,1,1,1
AT4G30970,Arabidopsis_thaliana,0,0,0,0,0,0,0,0,1,1,1,0,0,1,0,1,1,1
AT4G31030,Arabidopsis_thaliana,0,0,0,0,0,0,1,1,1,1,1,1,1,1,0,1,1,1
AT4G31073,Arabidopsis_thaliana,0,0,0,0,0,0,0,0,0,0,0,0,1,1,0,1,1,1
AT4G31260,Arabidopsis_thaliana,0,0,0,0,0,0,1,1,1,1,1,0,1,1,0,0,0,1
AT4G31280,Arabidopsis_thaliana,0,0,0,0,0,0,0,0,1,1,1,1,1,0,0,0,1,0
AT4G31355,Arabidopsis_thaliana,0,0,0,0,0,0,0,0,0,0,0,0,1,0,0,0,1,0
AT4G31441,Arabidopsis_thaliana,0,0,0,0,0,0,1,1,1,1,1,0,0,1,0,1,1,1
AT4G31715,Arabidopsis_thaliana,0,0,0,0,0,0,0,0,0,0,0,0,0,1,0,1,0,1
AT4G31960,Arabidopsis_thaliana,1,1,1,1,1,1,0,0,1,1,1,0,1,1,0,1,1,1
AT4G32080,Arabidopsis_thaliana,1,1,1,1,1,1,0,1,1,1,1,0,1,1,0,1,1,1
AT4G32535,Arabidopsis_thaliana,0,0,0,0,0,0,0,0,0,0,0,0,0,0,1,0,0,0
AT4G33310,Arabidopsis_thaliana,1,1,0,1,0,0,0,0,0,0,0,1,1,0,0,0,1,0
AT4G33735,Arabidopsis_thaliana,0,0,0,0,0,0,0,0,0,0,0,0,0,1,0,1,1,1
AT4G33885,Arabidopsis_thaliana,0,0,0,0,0,0,0,1,1,1,0,1,1,1,1,1,1,1
AT4G34345,Arabidopsis_thaliana,0,0,0,0,0,0,0,0,0,0,0,0,0,1,0,0,0,0
AT4G34881,Arabidopsis_thaliana,0,0,0,0,0,0,0,0,0,0,0,1,0,1,1,1,0,1
AT4G35025,Arabidopsis_thaliana,0,0,0,0,0,0,0,0,1,1,0,0,0,0,1,0,0,0
AT4G35375,Arabidopsis_thaliana,0,0,0,0,0,0,0,0,0,0,0,0,1,1,1,1,1,1
AT4G35430,Arabidopsis_thaliana,1,1,1,1,1,1,1,1,1,1,1,1,0,1,1,1,1,1
AT4G35485,Arabidopsis_thaliana,0,0,0,0,0,0,0,0,0,0,0,0,1,1,1,1,1,1
AT4G35519,Arabidopsis_thaliana,0,0,0,0,0,0,0,0,1,1,0,0,0,1,0,1,1,1
AT4G36170,Arabidopsis_thaliana,0,0,0,0,0,0,0,0,1,1,0,0,1,1,0,1,1,1
AT4G36370,Arabidopsis_thaliana,0,0,0,0,0,0,0,0,1,1,0,0,0,0,0,0,0,0
AT4G36460,Arabidopsis_thaliana,1,1,1,1,1,1,1,1,1,1,1,0,1,1,0,1,1,1
AT4G36510,Arabidopsis_thaliana,0,0,1,0,0,0,0,0,1,1,1,0,1,1,1,1,1,1
AT4G36515,Arabidopsis_thaliana,0,0,0,0,0,0,1,1,1,1,1,1,1,1,0,1,1,1
AT4G36791,Arabidopsis_thaliana,0,0,0,0,0,0,0,0,1,0,0,0,1,1,0,1,1,1
AT4G36795,Arabidopsis_thaliana,0,0,0,0,0,0,0,1,0,1,1,0,1,1,1,0,0,0
AT4G37022,Arabidopsis_thaliana,1,1,1,1,1,1,1,1,1,1,1,0,1,1,1,1,1,1
AT4G37095,Arabidopsis_thaliana,0,0,0,0,0,0,0,0,1,0,0,0,0,1,0,1,1,1
AT4G37409,Arabidopsis_thaliana,0,0,0,0,0,0,0,0,0,0,0,0,1,1,0,1,1,1
AT4G37483,Arabidopsis_thaliana,0,0,0,0,0,0,0,0,1,0,1,0,0,0,0,0,0,0
AT4G37685,Arabidopsis_thaliana,1,0,1,0,1,0,1,1,0,1,1,0,0,1,1,1,0,0
AT4G38005,Arabidopsis_thaliana,0,0,0,0,0,0,0,0,0,0,0,0,0,1,0,0,0,0
AT4G38330,Arabidopsis_thaliana,0,0,0,0,1,0,0,1,1,1,1,1,1,1,1,1,1,1
AT4G38401,Arabidopsis_thaliana,0,0,0,0,0,0,0,0,1,1,0,0,1,0,0,0,0,0
AT4G38405,Arabidopsis_thaliana,0,0,0,0,0,0,0,0,1,1,0,0,1,0,0,0,0,0
AT4G38775,Arabidopsis_thaliana,0,0,0,0,0,0,0,0,0,0,0,0,0,1,1,1,1,1
AT4G38781,Arabidopsis_thaliana,0,0,0,0,0,0,0,0,1,1,0,0,0,1,0,1,1,1
AT4G38820,Arabidopsis_thaliana,0,0,0,0,0,0,0,0,0,0,0,0,0,1,1,1,1,1
AT4G39403,Arabidopsis_thaliana,0,0,0,0,0,0,0,0,1,1,0,0,1,1,1,1,1,1
AT4G39930,Arabidopsis_thaliana,0,0,0,0,0,1,1,1,1,1,1,0,1,1,1,1,1,1
AT4G40011,Arabidopsis_thaliana,0,0,0,0,0,0,0,0,1,1,0,0,1,0,0,0,0,0
AT5G01017,Arabidopsis_thaliana,0,0,0,0,0,0,0,0,0,0,1,0,0,0,0,0,0,0
AT5G02065,Arabidopsis_thaliana,0,0,0,0,0,0,1,1,0,1,1,0,1,1,1,1,1,1
AT5G02690,Arabidopsis_thaliana,1,1,1,1,1,1,1,1,1,1,1,1,1,1,1,1,1,1
AT5G03130,Arabidopsis_thaliana,1,1,0,1,1,1,0,0,1,1,1,0,1,1,1,1,1,1
AT5G03553,Arabidopsis_thaliana,0,0,1,0,0,0,1,0,0,1,1,0,1,1,1,1,1,1
AT5G03710,Arabidopsis_thaliana,1,1,1,1,1,1,0,0,1,1,0,0,1,1,1,1,1,1
AT5G03885,Arabidopsis_thaliana,0,0,0,0,0,0,0,0,0,0,0,1,1,1,1,1,1,1
AT5G03944,Arabidopsis_thaliana,1,0,1,1,1,0,0,0,1,1,0,0,1,1,0,1,1,1
AT5G04238,Arabidopsis_thaliana,0,0,0,0,0,0,0,1,1,1,1,0,1,1,0,0,0,0
AT5G04267,Arabidopsis_thaliana,0,0,0,0,0,0,0,0,1,1,0,0,0,1,1,1,1,1
AT5G04853,Arabidopsis_thaliana,0,0,0,0,0,0,0,0,1,1,0,0,0,1,0,1,1,1
AT5G05085,Arabidopsis_thaliana,0,0,0,0,0,0,0,0,0,1,0,0,1,1,0,1,1,1
AT5G05285,Arabidopsis_thaliana,0,0,0,0,0,0,1,1,1,1,1,0,1,1,0,0,0,0
AT5G05598,Arabidopsis_thaliana,0,0,0,0,0,0,0,0,1,1,0,0,1,0,0,0,0,0
AT5G05635,Arabidopsis_thaliana,0,0,0,0,0,0,0,0,0,0,0,0,1,1,0,1,1,1
AT5G05653,Arabidopsis_thaliana,0,0,0,0,0,0,0,1,1,1,1,0,1,1,1,1,1,1
AT5G05675,Arabidopsis_thaliana,0,0,0,0,0,0,0,0,0,0,0,0,0,0,1,0,0,0
AT5G05735,Arabidopsis_thaliana,0,0,0,0,0,0,0,0,0,0,0,0,0,0,0,0,0,0
AT5G06190,Arabidopsis_thaliana,0,0,1,1,1,0,0,1,1,1,1,1,1,1,1,1,1,1
AT5G07175,Arabidopsis_thaliana,0,0,0,0,0,0,0,1,1,1,1,1,1,1,1,1,1,1
AT5G07545,Arabidopsis_thaliana,0,0,0,0,0,0,0,0,0,0,1,0,0,1,1,1,1,1
AT5G08090,Arabidopsis_thaliana,1,1,1,1,1,1,0,0,1,1,0,0,1,1,0,1,1,1
AT5G09445,Arabidopsis_thaliana,0,0,1,0,1,0,0,0,1,1,0,0,1,1,0,1,1,1
AT5G09711,Arabidopsis_thaliana,0,0,0,0,0,0,0,0,0,0,0,0,0,1,0,1,0,1
AT5G10336,Arabidopsis_thaliana,0,0,0,0,1,0,0,0,1,1,0,0,1,1,0,1,1,0
AT5G10435,Arabidopsis_thaliana,0,0,0,0,0,0,0,0,0,0,0,0,1,1,1,1,1,1
AT5G11975,Arabidopsis_thaliana,0,0,0,0,0,0,0,0,0,0,0,0,0,1,1,1,1,1
AT5G12043,Arabidopsis_thaliana,0,0,0,0,0,0,0,0,1,1,0,0,1,0,1,0,0,0
AT5G12236,Arabidopsis_thaliana,0,0,0,0,0,0,0,0,1,1,0,0,0,1,1,1,1,1
AT5G13181,Arabidopsis_thaliana,0,0,0,0,0,0,0,0,1,1,0,0,0,1,1,1,1,1
AT5G13295,Arabidopsis_thaliana,0,0,0,0,0,0,0,0,0,0,0,0,1,1,0,0,0,0
AT5G13565,Arabidopsis_thaliana,0,0,0,0,0,0,0,0,1,1,1,1,1,0,1,0,1,0
AT5G14275,Arabidopsis_thaliana,0,0,0,0,0,0,0,0,0,0,1,1,1,1,0,1,1,1
AT5G14515,Arabidopsis_thaliana,0,0,0,0,0,0,0,0,0,0,0,0,1,1,1,1,1,1
AT5G14560,Arabidopsis_thaliana,0,0,0,0,0,0,0,0,1,1,1,0,0,0,1,0,0,0
AT5G15008,Arabidopsis_thaliana,0,0,0,0,0,0,0,0,1,0,0,0,1,0,0,0,0,0
AT5G15420,Arabidopsis_thaliana,1,1,1,1,1,1,0,0,1,1,1,0,1,1,1,1,1,1
AT5G15533,Arabidopsis_thaliana,0,0,0,0,0,0,0,0,0,0,0,0,1,0,0,0,0,0
AT5G15537,Arabidopsis_thaliana,1,1,1,1,1,1,1,1,0,1,1,0,1,1,1,1,1,1
AT5G15745,Arabidopsis_thaliana,0,0,0,0,0,0,0,0,0,0,1,0,1,1,0,1,1,1
AT5G15843,Arabidopsis_thaliana,0,0,0,0,0,0,0,1,0,0,0,0,1,1,1,1,1,1
AT5G15853,Arabidopsis_thaliana,0,0,0,0,0,0,0,0,1,1,0,0,1,1,0,1,1,1
AT5G17305,Arabidopsis_thaliana,1,1,0,0,1,0,0,0,0,0,0,0,1,1,0,1,1,1
AT5G17345,Arabidopsis_thaliana,0,0,0,0,0,0,0,0,0,0,0,0,1,1,0,0,0,0
AT5G17847,Arabidopsis_thaliana,0,0,0,0,0,0,0,0,1,1,0,0,0,0,0,0,0,0
AT5G18705,Arabidopsis_thaliana,0,0,0,0,0,0,0,0,0,0,0,0,0,1,1,1,1,1
AT5G18735,Arabidopsis_thaliana,0,0,0,0,0,0,0,0,0,0,0,0,1,1,0,0,1,0
AT5G18748,Arabidopsis_thaliana,0,0,0,0,0,0,0,0,1,1,0,0,0,0,0,0,0,0
AT5G18933,Arabidopsis_thaliana,0,0,0,0,0,0,0,0,0,0,1,0,1,1,0,1,1,1
AT5G18937,Arabidopsis_thaliana,1,1,1,1,1,1,1,1,1,1,1,1,1,1,1,1,1,1
AT5G19595,Arabidopsis_thaliana,0,0,0,0,0,0,0,1,0,0,0,0,1,1,0,0,0,0
AT5G19633,Arabidopsis_thaliana,0,0,0,0,0,0,0,0,0,0,0,0,1,1,0,1,1,1
AT5G20447,Arabidopsis_thaliana,1,1,0,0,1,0,0,0,1,1,1,0,1,0,0,0,0,0
AT5G20460,Arabidopsis_thaliana,0,0,0,0,0,0,0,0,1,1,0,0,1,1,1,1,1,1
AT5G21020,Arabidopsis_thaliana,1,1,1,1,1,1,1,1,1,1,1,0,1,1,0,1,1,1
AT5G21125,Arabidopsis_thaliana,1,1,1,1,0,0,0,1,1,1,1,0,1,1,0,1,1,1
AT5G22145,Arabidopsis_thaliana,0,0,0,0,0,0,0,0,0,0,0,0,0,1,0,1,1,1
AT5G22505,Arabidopsis_thaliana,0,0,0,0,0,0,0,0,0,0,0,0,0,1,0,1,1,1
AT5G22608,Arabidopsis_thaliana,1,1,1,1,1,0,1,1,1,1,1,0,1,1,1,1,1,1
AT5G22765,Arabidopsis_thaliana,0,0,0,0,0,0,0,0,0,0,0,0,1,0,0,0,1,0
AT5G22785,Arabidopsis_thaliana,0,0,0,0,0,0,0,0,0,0,0,0,1,0,0,0,0,0
AT5G22799,Arabidopsis_thaliana,1,1,1,1,0,0,1,1,0,1,1,0,1,1,1,1,1,1
AT5G23411,Arabidopsis_thaliana,0,0,0,0,0,0,0,0,1,1,1,0,1,1,1,1,1,1
AT5G23460,Arabidopsis_thaliana,1,1,1,1,1,1,1,1,1,1,1,1,1,1,1,1,1,1
AT5G23908,Arabidopsis_thaliana,0,0,0,0,0,0,0,0,1,1,0,0,0,0,0,0,0,0
AT5G24215,Arabidopsis_thaliana,0,0,0,0,0,0,0,0,0,0,0,0,0,1,1,1,0,1
AT5G24575,Arabidopsis_thaliana,0,0,1,1,0,0,0,0,0,0,0,0,0,1,1,0,0,0
AT5G25750,Arabidopsis_thaliana,0,0,0,0,0,0,0,0,1,1,0,0,0,0,0,0,0,0
AT5G25755,Arabidopsis_thaliana,0,0,0,0,1,0,1,1,1,1,1,1,0,1,1,1,1,1
AT5G25756,Arabidopsis_thaliana,0,0,0,0,0,0,0,0,1,1,1,0,1,1,1,1,1,1
AT5G25870,Arabidopsis_thaliana,1,1,1,1,1,1,0,0,1,1,0,0,1,1,0,1,1,1
AT5G25995,Arabidopsis_thaliana,0,0,0,0,0,0,0,0,0,0,1,0,0,0,0,0,0,0
AT5G26262,Arabidopsis_thaliana,0,0,0,0,0,0,0,0,1,1,0,0,1,0,0,0,1,0
AT5G26840,Arabidopsis_thaliana,1,0,1,1,1,1,0,0,1,1,0,0,0,1,0,1,1,1
AT5G26890,Arabidopsis_thaliana,1,1,1,1,1,1,0,0,1,1,0,0,1,0,1,1,1,1
AT5G26970,Arabidopsis_thaliana,0,0,0,0,0,0,0,0,1,1,1,0,1,1,1,1,1,1
AT5G27065,Arabidopsis_thaliana,0,0,0,0,0,0,0,0,0,0,1,0,0,1,0,1,0,1
AT5G27093,Arabidopsis_thaliana,0,0,0,0,0,0,0,1,0,0,1,0,0,1,0,1,1,1
AT5G27170,Arabidopsis_thaliana,1,1,1,1,1,1,0,0,1,1,0,0,0,1,0,1,1,1
AT5G27247,Arabidopsis_thaliana,0,0,0,0,0,0,0,0,1,1,0,0,0,1,1,1,1,1
AT5G27340,Arabidopsis_thaliana,1,0,1,1,1,1,0,0,1,1,0,0,1,1,0,1,1,1
AT5G27493,Arabidopsis_thaliana,0,0,0,0,0,0,0,0,0,0,0,0,0,0,0,0,0,0
AT5G27889,Arabidopsis_thaliana,1,1,1,1,1,1,1,0,1,1,1,0,1,1,0,1,1,1
AT5G27893,Arabidopsis_thaliana,1,1,1,1,1,1,0,0,0,0,0,0,1,1,1,1,1,1
AT5G28090,Arabidopsis_thaliana,1,1,1,1,1,1,0,0,1,1,1,0,1,1,1,1,1,1
AT5G28295,Arabidopsis_thaliana,1,1,1,1,1,1,0,0,1,1,0,0,1,0,0,1,0,0
AT5G28345,Arabidopsis_thaliana,1,1,1,1,1,1,1,1,0,1,1,0,1,1,1,1,1,1
AT5G28462,Arabidopsis_thaliana,0,0,0,0,0,0,0,0,1,0,0,0,1,0,0,0,0,0
AT5G28463,Arabidopsis_thaliana,1,1,1,1,1,1,0,0,1,1,0,0,1,1,0,1,1,1
AT5G28491,Arabidopsis_thaliana,0,0,0,0,0,0,0,0,1,0,1,0,0,0,0,0,0,0
AT5G28560,Arabidopsis_thaliana,1,1,1,1,1,1,0,0,1,1,0,0,1,1,0,1,1,1
AT5G28620,Arabidopsis_thaliana,0,0,0,0,0,0,0,1,1,1,0,0,1,0,0,0,1,0
AT5G29070,Arabidopsis_thaliana,1,1,1,1,1,1,0,0,1,1,0,0,1,1,0,1,1,1
AT5G29210,Arabidopsis_thaliana,1,1,1,1,1,1,0,0,1,1,0,0,0,0,0,1,0,1
AT5G30341,Arabidopsis_thaliana,1,1,1,1,1,1,0,0,1,1,1,0,1,1,0,1,1,1
AT5G30360,Arabidopsis_thaliana,0,0,0,0,1,0,0,0,0,0,0,0,1,1,1,1,1,1
AT5G33390,Arabidopsis_thaliana,1,1,1,1,1,1,1,1,1,1,1,0,1,1,1,1,1,1
AT5G34829,Arabidopsis_thaliana,0,0,0,0,0,0,0,0,1,1,0,0,0,0,0,0,0,0
AT5G35067,Arabidopsis_thaliana,0,0,0,1,1,1,0,0,0,0,0,0,1,0,0,1,1,1
AT5G35069,Arabidopsis_thaliana,1,1,1,1,1,1,0,0,1,1,0,0,1,0,0,1,1,1
AT5G35195,Arabidopsis_thaliana,0,0,0,0,0,0,0,0,1,1,0,0,0,0,0,0,0,0
AT5G35300,Arabidopsis_thaliana,1,1,1,1,1,1,0,0,1,1,0,0,1,1,0,1,1,1
AT5G35375,Arabidopsis_thaliana,0,0,0,0,0,0,1,1,1,1,1,0,1,1,1,1,1,1
AT5G35688,Arabidopsis_thaliana,1,1,1,1,1,1,0,1,1,1,1,0,1,1,0,1,1,1
AT5G35913,Arabidopsis_thaliana,0,0,0,0,1,0,1,1,0,1,1,0,1,0,0,0,1,0
AT5G35927,Arabidopsis_thaliana,0,0,0,0,0,0,0,0,0,0,0,0,0,1,0,0,0,0
AT5G36900,Arabidopsis_thaliana,1,1,1,1,1,1,0,0,1,1,1,1,1,1,0,1,1,1
AT5G37240,Arabidopsis_thaliana,1,0,1,1,1,1,1,1,1,1,1,0,1,1,0,1,1,1
AT5G37715,Arabidopsis_thaliana,0,0,0,0,0,0,0,0,0,0,0,0,0,0,0,0,0,0
AT5G38397,Arabidopsis_thaliana,0,0,0,0,0,0,0,0,0,0,0,0,0,1,0,0,0,0
AT5G38743,Arabidopsis_thaliana,0,0,0,0,1,0,1,1,0,1,1,0,1,1,0,1,1,0
AT5G39024,Arabidopsis_thaliana,0,0,0,0,0,0,0,0,0,0,0,0,0,0,0,0,0,0
AT5G39570,Arabidopsis_thaliana,1,1,1,1,1,1,1,1,1,1,1,1,1,1,0,1,1,1
AT5G40970,Arabidopsis_thaliana,1,1,1,1,1,0,0,1,0,0,1,1,1,1,0,1,1,1
AT5G40981,Arabidopsis_thaliana,0,0,0,0,0,0,0,0,1,1,0,0,0,1,0,0,0,0
AT5G41025,Arabidopsis_thaliana,0,0,0,0,0,0,0,0,0,0,0,0,0,1,0,1,1,1
AT5G41071,Arabidopsis_thaliana,0,0,0,0,0,0,1,1,1,1,1,0,1,1,0,0,1,0
AT5G41109,Arabidopsis_thaliana,0,0,0,0,0,0,1,1,1,1,1,0,1,1,0,0,0,0
AT5G41401,Arabidopsis_thaliana,0,0,0,0,0,0,0,0,1,1,0,0,1,1,0,1,1,1
AT5G41420,Arabidopsis_thaliana,0,0,0,0,0,0,0,0,1,1,0,0,0,0,0,0,0,0
AT5G41763,Arabidopsis_thaliana,0,0,1,0,1,0,1,1,1,1,1,0,1,1,0,1,1,1
AT5G41908,Arabidopsis_thaliana,0,0,0,0,0,0,0,0,1,1,0,0,1,1,0,0,1,1
AT5G42053,Arabidopsis_thaliana,0,0,0,0,0,0,0,0,1,1,0,0,1,1,0,1,1,0
AT5G42504,Arabidopsis_thaliana,0,0,0,0,0,0,0,0,1,0,0,0,0,0,0,0,0,0
AT5G42635,Arabidopsis_thaliana,1,1,1,1,1,1,0,1,1,1,1,0,0,0,0,1,0,1
AT5G43211,Arabidopsis_thaliana,0,0,0,0,0,0,0,0,1,1,0,0,0,0,0,0,0,0
AT5G43480,Arabidopsis_thaliana,1,1,1,1,1,1,1,0,1,1,1,1,1,1,0,1,1,1
AT5G44063,Arabidopsis_thaliana,0,1,0,0,1,0,0,1,0,1,1,0,1,1,0,1,1,1
AT5G44065,Arabidopsis_thaliana,0,0,0,0,0,0,0,1,1,1,1,0,1,1,0,1,1,1
AT5G44306,Arabidopsis_thaliana,0,0,0,0,0,0,0,0,1,1,1,0,1,1,0,1,1,1
AT5G45455,Arabidopsis_thaliana,0,0,0,0,0,0,1,0,0,0,0,0,1,1,0,1,1,1
AT5G45469,Arabidopsis_thaliana,0,0,0,0,0,0,1,0,1,0,0,0,0,1,0,1,1,1
AT5G45573,Arabidopsis_thaliana,1,1,1,1,1,1,0,0,1,1,0,0,0,1,0,1,1,1
AT5G46085,Arabidopsis_thaliana,0,0,0,0,0,0,0,1,0,0,0,0,1,1,0,1,1,1
AT5G46297,Arabidopsis_thaliana,1,0,1,1,1,1,1,1,0,1,1,0,1,1,0,1,1,1
AT5G46395,Arabidopsis_thaliana,1,1,1,1,1,1,0,0,0,0,0,0,0,1,0,1,1,1
AT5G46825,Arabidopsis_thaliana,0,0,0,0,0,0,1,1,1,1,1,0,1,1,0,1,1,1
AT5G47229,Arabidopsis_thaliana,0,0,0,0,0,0,0,0,1,1,1,0,0,0,0,0,0,0
AT5G48200,Arabidopsis_thaliana,0,0,0,0,0,0,0,0,1,1,0,0,0,1,1,0,0,0
AT5G48280,Arabidopsis_thaliana,0,0,0,0,0,0,0,0,1,1,0,0,1,1,0,1,1,1
AT5G48860,Arabidopsis_thaliana,0,0,0,0,0,0,0,0,1,1,0,0,1,1,0,1,1,1
AT5G49590,Arabidopsis_thaliana,1,1,1,1,1,1,0,1,1,1,1,0,1,0,0,1,1,1
AT5G49640,Arabidopsis_thaliana,1,0,0,0,0,0,0,0,1,1,1,1,1,1,0,1,1,1
AT5G49645,Arabidopsis_thaliana,1,0,1,1,1,1,0,0,0,0,1,0,1,1,1,1,1,1
AT5G50361,Arabidopsis_thaliana,0,0,0,0,0,0,0,0,1,1,0,0,0,1,0,1,1,1
AT5G50540,Arabidopsis_thaliana,1,1,1,1,1,1,1,1,1,1,1,1,1,1,1,1,1,1
AT5G50562,Arabidopsis_thaliana,0,0,0,0,0,0,0,0,1,1,0,0,0,0,0,0,0,0
AT5G50910,Arabidopsis_thaliana,0,0,0,0,0,0,0,0,1,1,0,0,0,1,0,1,0,1
AT5G51650,Arabidopsis_thaliana,1,1,1,1,1,1,0,0,1,1,0,0,1,1,0,1,1,1
AT5G52045,Arabidopsis_thaliana,1,0,0,0,1,0,1,0,0,1,1,0,1,1,1,1,1,1
AT5G52080,Arabidopsis_thaliana,0,0,0,0,0,0,0,0,1,1,0,0,0,0,0,0,0,0
AT5G52655,Arabidopsis_thaliana,0,0,1,1,1,0,1,1,0,1,1,0,1,1,0,1,1,1
AT5G53410,Arabidopsis_thaliana,0,0,0,0,0,0,0,0,1,1,0,0,1,0,0,0,0,0
AT5G54035,Arabidopsis_thaliana,0,0,0,0,0,0,0,0,0,0,0,0,0,1,0,0,0,0
AT5G54043,Arabidopsis_thaliana,0,0,0,0,0,0,0,0,0,0,0,0,1,1,0,0,1,0
AT5G54410,Arabidopsis_thaliana,1,1,1,1,1,1,0,0,1,1,1,0,1,1,1,1,1,1
AT5G55010,Arabidopsis_thaliana,0,0,0,0,0,0,1,1,1,1,1,0,1,0,0,0,1,0
AT5G55508,Arabidopsis_thaliana,0,0,0,0,0,0,0,0,1,1,0,0,0,0,0,0,0,0
AT5G55893,Arabidopsis_thaliana,1,1,1,1,1,1,0,0,1,1,1,0,1,1,1,1,1,1
AT5G56795,Arabidopsis_thaliana,0,0,0,0,0,0,0,0,1,1,0,0,1,1,1,1,1,1
AT5G56985,Arabidopsis_thaliana,0,0,0,0,0,0,0,0,0,0,0,1,0,1,0,1,1,1
AT5G57535,Arabidopsis_thaliana,0,0,0,0,0,0,0,0,0,0,0,0,0,0,0,0,0,0
AT5G57569,Arabidopsis_thaliana,0,0,0,0,0,0,0,0,0,0,0,0,1,1,0,1,0,1
AT5G59895,Arabidopsis_thaliana,0,0,0,0,0,0,0,0,0,1,1,0,0,1,0,1,1,1
AT5G60215,Arabidopsis_thaliana,0,0,0,0,0,0,0,0,0,0,0,0,1,1,1,1,1,1
AT5G60240,Arabidopsis_thaliana,0,0,0,0,0,0,0,0,1,1,0,0,1,0,1,0,0,0
AT5G60265,Arabidopsis_thaliana,0,0,0,0,0,0,1,1,0,1,1,0,1,1,0,1,1,1
AT5G61495,Arabidopsis_thaliana,0,0,0,0,0,0,1,1,1,1,1,0,1,0,1,0,0,0
AT5G62573,Arabidopsis_thaliana,0,0,0,0,0,0,0,0,0,0,0,0,0,0,0,0,0,0
AT5G62998,Arabidopsis_thaliana,0,0,0,0,0,0,1,1,1,1,1,0,1,1,1,1,1,1
AT5G63340,Arabidopsis_thaliana,0,0,0,0,0,0,0,0,1,1,0,1,0,1,1,1,1,1
AT5G63375,Arabidopsis_thaliana,0,0,0,0,0,0,0,0,0,0,1,1,1,1,0,1,1,1
AT5G64395,Arabidopsis_thaliana,0,0,0,0,0,0,0,0,1,1,0,0,0,0,1,0,0,0
AT5G64401,Arabidopsis_thaliana,0,0,0,0,0,0,1,1,1,1,1,1,0,0,0,0,0,0
AT5G65225,Arabidopsis_thaliana,0,0,0,0,1,0,1,1,0,1,1,0,1,1,1,1,1,1
AT5G65580,Arabidopsis_thaliana,1,1,1,1,0,1,0,0,1,1,1,1,1,1,1,1,1,1
AT5G66052,Arabidopsis_thaliana,0,0,0,0,0,0,0,0,0,1,1,1,0,1,0,1,1,1
AT5G66053,Arabidopsis_thaliana,1,1,1,1,1,1,0,0,1,1,0,1,0,1,0,1,1,1
AT5G66335,Arabidopsis_thaliana,0,0,0,0,0,1,0,0,0,0,1,1,1,1,0,0,1,0
AT5G66340,Arabidopsis_thaliana,0,0,0,0,0,0,0,0,1,1,1,0,1,1,1,1,1,1
AT5G66607,Arabidopsis_thaliana,0,0,0,0,0,0,1,1,1,1,1,0,1,0,1,0,0,0
